OBJECTID,SCH_ACADEMIC_YEAR,SCH_ESIS_ID,SCH_EDUCATION_TYPE_EN,SCH_EDUCATION_TYPE_AR,SCH_NAME_EN,SCH_NAME_AR,SCH_GENDER_EN,SCH_GENDER_AR,SCH_CURRICULUM_EN,SCH_CURRICULUM_AR,SCH_GRADES_EN,SCH_GRADES_AR,SCH_CYCLE_EN,SCH_CYCLE_AR,SCH_REGION_EN,SCH_REGION_AR,SCH_DISTRICT_EN,SCH_DISTRICT_AR,SCH_COMMUNITY,SCH_PHONE,SCH_EMAIL_ADDRESS,SCH_WEBSITE,SCH_AVERAGE_TUITION_FEE,X,Y,latitude,longitude,geometry_type
1,2024,466AD,Public,عام,Al Tafawwoq Boys School - Al Ain,مدرسة التفوق بنين - العين,Boys,بنين,U.A.E,منهاج وزارة التربية والتعليم,"G06,G07,G08,G09","السادس,السابع,الثامن,التاسع",Cycle 2 & Cycle 3,"الحلقة الثانية,الحلقة الثالثة",Al Ain,العين,HILI,هيلي,AL REEF,506299217,Ahmed.Almarashda@ese.gov.ae,N/A,0,55.79391349,24.30162691,24.30162691000004,55.79391349000008,Point
2,2024,301AD,Public,عام,Hili School,مدرسة هيلي,Mixed,مختلط,U.A.E,منهاج وزارة التربية والتعليم,"G01,G02,G03,G04,G05","الأول,الثاني,الثالث,الرابع,الخامس",Cycle 1 & Cycle 2,"الحلقة الأولى,الحلقة الثانية",Al Ain,العين,HILI,هيلي,SHAREAT HILI,506991149,Alfarra.Aldhaheri@ese.gov.ae,N/A,0,55.7718656,24.28620095,24.286200950000023,55.77186560000007,Point
3,2024,406AD,Public,عام,Al Naeem Girls School,مدرسة النعيم بنات,Girls,بنات,U.A.E,منهاج وزارة التربية والتعليم,"G09,G10,G11,G12","التاسع,العاشر,الحادي عشر,الثاني عشر",Cycle 3,الحلقة الثالثة,Al Ain,العين,AL AAMERAH,العامرة,AL SAMAR,504540656,Azza-Sm.Alkaabi@ese.gov.ae,N/A,0,55.55015449,24.23358503,24.23358503000003,55.55015449000007,Point
4,2024,1703AD,Public,عام,Mohammed Bin Khaled School,مدرسة محمد بن خالد,Mixed,مختلط,U.A.E,منهاج وزارة التربية والتعليم,"G01,G02,G03,G04","الأول,الثاني,الثالث,الرابع",Cycle 1,الحلقة الأولى,Al Ain,العين,AL MUWAIJ'I,المويجعي,AL MNAIZFAH,503330052,Fatima.Neyadi@ese.gov.ae,N/A,0,55.72760187,24.20758922,24.207589220000045,55.72760187000006,Point
5,2024,502AD,Public,عام,Al Soroor Kindergarten,روضة السرور,Mixed,مختلط,U.A.E,منهاج وزارة التربية والتعليم,"KG1,KG2","روضة أولى,روضة ثانية",KG,"حضانة,رياض الأطفال",Abu Dhabi,أبوظبي,BANI YAS,بني ياس,EB1,506030000,Nabeeha.Aljunaibi@ese.gov.ae,N/A,0,54.64510689,24.31461755,24.314617550000037,54.64510689000008,Point
6,2024,1084AD,Public,عام,Al Somou School,مدرسة السمو ,Mixed,مختلط,U.A.E,منهاج وزارة التربية والتعليم,"KG1,KG2,G01,G02,G03,G04","روضة أولى,روضة ثانية,الأول,الثاني,الثالث,الرابع",KG & Cycle 1,"حضانة,رياض الأطفال,الحلقة الأولى",Al Ain,العين,UM GHAFAH,أم غافة,SHABIAT UMM GHAFFA,506634495,Kareema.Alremeithi@ese.gov.ae,N/A,0,55.90924622,24.09980938,24.099809380000067,55.90924622000006,Point
7,2024,2057AD,Public,عام,Al Rahbah School,مدرسة الرحبة,Mixed,مختلط,U.A.E,منهاج وزارة التربية والتعليم,"G01,G02,G03,G04,G05,G06,G07,G08,G09,G10,G11,G12","الأول,الثاني,الثالث,الرابع,الخامس,السادس,السابع,الثامن,التاسع,العاشر,الحادي عشر,الثاني عشر",Cycle 1 & Cycle 2 & Cycle 3,"الحلقة الأولى,الحلقة الثانية,الحلقة الثالثة",Abu Dhabi,أبوظبي,AL SAMHAH,السمحة,RAHBAH_L,503633855,Sumaia.Alkatheeri@ese.gov.ae,N/A,0,54.70993899,24.62672838,24.62672838000003,54.70993899000007,Point
8,2024,470AD,Public,عام,Al Ataa School,مدرسة العطاء,Mixed,مختلط,U.A.E,منهاج وزارة التربية والتعليم,"KG1,KG2,G01,G02,G03,G04,G05,G06,G07,G08,G09,G10,G11,G12","روضة أولى,روضة ثانية,الأول,الثاني,الثالث,الرابع,الخامس,السادس,السابع,الثامن,التاسع,العاشر,الحادي عشر,الثاني عشر",KG & Cycle 1 & Cycle 2 & Cycle 3,"حضانة,رياض الأطفال,الحلقة الأولى,الحلقة الثانية,الحلقة الثالثة",Al Ain,العين,AL DHAHRAH,الظاهرة,AL MALALEEH,507431223,Amna-Am.Alshamisi@ese.gov.ae,N/A,0,55.57343984,23.9982403,23.998240300000077,55.57343984000005,Point
9,2024,322AD,Public,عام,Al Nahyaniyyah School,مدرسة النهيانية,Mixed,مختلط,U.A.E,منهاج وزارة التربية والتعليم,"G01,G02,G03,G04","الأول,الثاني,الثالث,الرابع",Cycle 1,الحلقة الأولى,Al Ain,العين,AL JAHILI,الجاهلي,HAI AL QALAA,504451010,Amna.Alsaadi@ese.gov.ae,N/A,0,55.75721115,24.21832262,24.218322620000038,55.757211150000046,Point
10,2024,262AD,Public,عام,Al Khaznah Boys School,مدرسة الخزنة بنين,Boys,بنين,U.A.E,منهاج وزارة التربية والتعليم,"G04,G05,G06,G07,G08,G09,G10,G11,G12","الرابع,الخامس,السادس,السابع,الثامن,التاسع,العاشر,الحادي عشر,الثاني عشر",Cycle 1 & Cycle 2 & Cycle 3,"الحلقة الأولى,الحلقة الثانية,الحلقة الثالثة",Al Ain,العين,AL KHAZNAH,الخزنة,AL KHAZNAH 1,503320889,Sharef.Bouloushi@ese.gov.ae,N/A,0,55.11609793,24.16748318,24.167483180000033,55.11609793000008,Point
11,2024,544AD,Public,عام,Al Falahiyya School,مدرسة الفلاحية بنين,Boys,بنين,U.A.E,منهاج وزارة التربية والتعليم,"G05,G06,G07,G08,G09,G10,G11,G12","الخامس,السادس,السابع,الثامن,التاسع,العاشر,الحادي عشر,الثاني عشر",Cycle 2 & Cycle 3,"الحلقة الثانية,الحلقة الثالثة",Abu Dhabi,أبوظبي,AL SAMHAH,السمحة,RAHBAH_P,504424907,Omar.Albatati@ese.gov.ae,N/A,0,54.72999434,24.64236128,24.642361280000046,54.729994340000076,Point
12,2024,241AD,Public,عام,Al Salamat Boys School,مدرسة السلامات بنين,Boys,بنين,U.A.E,منهاج وزارة التربية والتعليم,"G05,G06,G07,G08","الخامس,السادس,السابع,الثامن",Cycle 2,الحلقة الثانية,Al Ain,العين,AL SALAMAT,السلامات,AL SALAMAT 1,507111712,ahmed.alhabsi@ese.gov.ae,N/A,0,55.59602447,24.21069348,24.21069348000003,55.59602447000003,Point
13,2024,520AD,Public,عام,Khaled Bin Al Waleed Boys School,مدرسة خالد بن الوليد بنين,Boys,بنين,U.A.E,منهاج وزارة التربية والتعليم,"G09,G10,G11,G12","التاسع,العاشر,الحادي عشر,الثاني عشر",Cycle 3,الحلقة الثالثة,Al Ain,العين,AL SAROUJ,الصاروج,AL SHABHAT,506456474,Ali.Masi@ese.gov.ae,N/A,0,55.79173985,24.19237078,24.192370780000033,55.791739850000056,Point
14,2024,239AD,Public,عام,Al Sadarah Boys School,مدرسة الصدارة بنين,Boys,بنين,U.A.E,منهاج وزارة التربية والتعليم,"G05,G06,G07,G08","الخامس,السادس,السابع,الثامن",Cycle 2,الحلقة الثانية,Al Ain,العين,AL KHIBEESI,الخبيصي,AL NASERIYYA,506670702,Humaid.Alhosani@ese.gov.ae,N/A,0,55.68334557,24.23152368,24.231523680000066,55.68334557000003,Point
15,2024,1389AD,Public,عام,Reefaa School,مدرسة رفاعة,Mixed,مختلط,U.A.E,منهاج وزارة التربية والتعليم,"G01,G02,G03,G04","الأول,الثاني,الثالث,الرابع",Cycle 1,الحلقة الأولى,Al Ain,العين,AL AAMERAH,العامرة,AL RIFAA,503846717,Wafa.Salmeen@ese.gov.ae,N/A,0,55.55703492,24.24848903,24.24848903000003,55.557034920000035,Point
16,2024,384AD,Public,عام,Al Amal Kindergarten,روضة الامل,Mixed,مختلط,U.A.E,منهاج وزارة التربية والتعليم,"KG1,KG2","روضة أولى,روضة ثانية",KG,"حضانة,رياض الأطفال",Abu Dhabi,أبوظبي,AL SHAHAMAH,الشهامة,AL SHAHAMAH,504487227,Sheikhah.Shamsi@ese.gov.ae,N/A,0,54.68441031,24.52463671,24.52463671000004,54.68441031000003,Point
17,2024,535AD,Public,عام,Nahel School,مدرسة ناهل,Mixed,مختلط,U.A.E,منهاج وزارة التربية والتعليم,"G03,G04,G05,G06,G07,G08,G09,G10,G11,G12","الثالث,الرابع,الخامس,السادس,السابع,الثامن,التاسع,العاشر,الحادي عشر,الثاني عشر",Cycle 1 & Cycle 2 & Cycle 3,"الحلقة الأولى,الحلقة الثانية,الحلقة الثالثة",Al Ain,العين,NAHIL,ناهل,MADINAT NAHIL,503391111,Shamma-Ma.Alketbi@ese.gov.ae,N/A,0,55.5374009,24.51960417,24.519604170000036,55.53740090000008,Point
18,2024,424AD,Public,عام,Al Samha Girls School,مدرسة السمحة بنات,Girls,بنات,U.A.E,منهاج وزارة التربية والتعليم,"G05,G06,G07,G08,G09,G10,G11,G12","الخامس,السادس,السابع,الثامن,التاسع,العاشر,الحادي عشر,الثاني عشر",Cycle 2 & Cycle 3,"الحلقة الثانية,الحلقة الثالثة",Abu Dhabi,أبوظبي,AL SAMHAH,السمحة,AL SAMHAH EAST OLD,501213699,Klaithem.Alsalaqi@ese.gov.ae,N/A,0,54.77699313,24.68181976,24.681819760000053,54.77699313000005,Point
19,2024,392AD,Public,عام,Al Rahbah Cycle1 School,مدرسة الرحبة حلقة أولى,Mixed,مختلط,U.A.E,منهاج وزارة التربية والتعليم,"G01,G02,G03,G04","الأول,الثاني,الثالث,الرابع",Cycle 1,الحلقة الأولى,Abu Dhabi,أبوظبي,AL RAHBAH,الرحبة,RAHBAH_F,507125457,Salwa.Aljenaibi@ese.gov.ae,N/A,0,54.70038213,24.59551905,24.595519050000064,54.70038213000004,Point
20,2024,543AD,Public,عام,Al Borooj School,مدرسة البروج,Mixed,مختلط,U.A.E,منهاج وزارة التربية والتعليم,"KG1,KG2,G01,G02,G03,G04,G05,G06,G07,G08,G09,G10,G11,G12","روضة أولى,روضة ثانية,الأول,الثاني,الثالث,الرابع,الخامس,السادس,السابع,الثامن,التاسع,العاشر,الحادي عشر,الثاني عشر",KG & Cycle 1 & Cycle 2 & Cycle 3,"حضانة,رياض الأطفال,الحلقة الأولى,الحلقة الثانية,الحلقة الثالثة",Al Ain,العين,BU KIRAYYAH,بوكرية,BU HISSN,505351000,Fareed.Alwahide@ese.gov.ae,N/A,0,55.3942276,23.88000362,23.880003620000025,55.39422760000008,Point
21,2024,2022AD,Public,عام,Al Joori School,مدرسة الجوري,Mixed,مختلط,U.A.E,منهاج وزارة التربية والتعليم,"KG1,KG2,G01","روضة أولى,روضة ثانية,الأول",KG & Cycle 1,"حضانة,رياض الأطفال,الحلقة الأولى",Al Ain,العين,AL HIYAR,الهير,RAMLAT AL HAYER,506666768,Aysha-Rh.Alnuaimi@ese.gov.ae,N/A,0,55.76847374,24.60544618,24.605446180000058,55.76847374000005,Point
22,2024,2069AD,Public,عام,Al Dhannah School Boys,مدرسة الظنة بنين ,Boys,بنين,U.A.E,منهاج وزارة التربية والتعليم,"G05,G06,G07,G08,G09,G10,G11,G12","الخامس,السادس,السابع,الثامن,التاسع,العاشر,الحادي عشر,الثاني عشر",Cycle 2 & Cycle 3,"الحلقة الثانية,الحلقة الثالثة",Al Dhafra Region,منطقة الظفرة,AL DHANNAH CITY,مدينة الظنة,AL DHANNAH CITY,503157891,Ali.Hassan@ese.gov.ae,N/A,0,52.65517771,24.07440816,24.074408160000075,52.65517771000003,Point
23,2024,234AD,Public,عام,Al Maali Girls School,مدرسة المعالي بنات,Girls,بنات,U.A.E,منهاج وزارة التربية والتعليم,"G05,G06,G07,G08","الخامس,السادس,السابع,الثامن",Cycle 2,الحلقة الثانية,Al Ain,العين,FALAJ HAZZA',فلج هزاع,AL OWAINAH,554699981,Aisha.Nouaimi@ese.gov.ae,N/A,0,55.73987811,24.18893182,24.18893182000005,55.73987811000006,Point
24,2024,232AD,Public,عام,Ramah Boys School,مدرسة رماح بنين,Boys,بنين,U.A.E,منهاج وزارة التربية والتعليم,"G04,G05,G06,G07,G08,G09,G10,G11,G12","الرابع,الخامس,السادس,السابع,الثامن,التاسع,العاشر,الحادي عشر,الثاني عشر",Cycle 1 & Cycle 2 & Cycle 3,"الحلقة الأولى,الحلقة الثانية,الحلقة الثالثة",Al Ain,العين,RIMAH,رماح,MAKHOOLA,504481035,Adel.Alameri@ese.gov.ae,N/A,0,55.3390466,24.20576042,24.205760420000047,55.339046600000074,Point
25,2024,1724AD,Public,عام,Yas School,مدرسة ياس,Mixed,مختلط,U.A.E,منهاج وزارة التربية والتعليم,"KG1,KG2,G01,G02,G03,G04,G05,G06,G07,G08,G09,G10,G11,G12","روضة أولى,روضة ثانية,الأول,الثاني,الثالث,الرابع,الخامس,السادس,السابع,الثامن,التاسع,العاشر,الحادي عشر,الثاني عشر",KG & Cycle 1 & Cycle 2 & Cycle 3,"حضانة,رياض الأطفال,الحلقة الأولى,الحلقة الثانية,الحلقة الثالثة",Abu Dhabi,أبوظبي,YAS ISLAND,جزيرة ياس,YN1,503223993,Fatima-Hi.Alhosani@ese.gov.ae,N/A,0,54.59079147,24.50467669,24.504676690000053,54.590791470000056,Point
26,2024,2071AD,Public,عام,Al Dhannah School Girls,مدرسة الظنة بنات,Girls,بنات,U.A.E,منهاج وزارة التربية والتعليم,"G05,G06,G07,G08,G09,G10,G11,G12","الخامس,السادس,السابع,الثامن,التاسع,العاشر,الحادي عشر,الثاني عشر",Cycle 2 & Cycle 3,"الحلقة الثانية,الحلقة الثالثة",Al Dhafra Region,منطقة الظفرة,AL DHANNAH CITY,مدينة الظنة,AL DHANNAH CITY,507114115,Amina.Almulla@ese.gov.ae,N/A,0,52.65517771,24.07440816,24.074408160000075,52.65517771000003,Point
27,2024,250AD,Public,عام,Al Ethaar Kindergarten,روضة الإيثار,Mixed,مختلط,U.A.E,منهاج وزارة التربية والتعليم,"KG1,KG2","روضة أولى,روضة ثانية",KG,"حضانة,رياض الأطفال",Abu Dhabi,أبوظبي,AL SHAWAMEKH,الشوامخ,SHM4,506112550,Noura-As.Alhammadi@ese.gov.ae,N/A,0,54.65467802,24.35971775,24.359717750000073,54.65467802000006,Point
28,2024,1682AD,Public,عام,Baynouna School  Boys,مدرسة بينونة بنين ,Boys,بنين,U.A.E,منهاج وزارة التربية والتعليم,"G05,G06,G07,G08","الخامس,السادس,السابع,الثامن",Cycle 2,الحلقة الثانية,Al Dhafra Region,منطقة الظفرة,GHAYATHI,غياثي,GHAYATHI EAST 4,506681405,Sabha.Almazrooei@ese.gov.ae,N/A,0,52.81884903,23.82818647,23.82818647000005,52.81884903000008,Point
29,2024,2067AD,Public,عام,Khalifa Bin Zayed Al Awal,خليفة بن زايد الأول,Mixed,مختلط,NON-MOE,N/A,"KG1,KG2,G01,G02,G03,G04,G05,G06,G07,G08,G09,G10,G11,G12","روضة أولى,روضة ثانية,الأول,الثاني,الثالث,الرابع,الخامس,السادس,السابع,الثامن,التاسع,العاشر,الحادي عشر,الثاني عشر",KG & Cycle 1 & Cycle 2 & Cycle 3,"حضانة,رياض الأطفال,الحلقة الأولى,الحلقة الثانية,الحلقة الثالثة",Abu Dhabi,أبوظبي,AL NAHYAN,آل نهيان,E20_02,523253163,sara.benammar@kbza.sch.ae,N/A,0,54.3829496,24.45955633,24.459556330000055,54.382949600000074,Point
30,2024,2065AD,Public,عام,Ghayathi New School ,مدرسة غياثي ,Mixed,مختلط,U.A.E,منهاج وزارة التربية والتعليم,"KG1,KG2,G01,G02,G03,G04,G05,G06,G07,G08,G09,G10,G11,G12","روضة أولى,روضة ثانية,الأول,الثاني,الثالث,الرابع,الخامس,السادس,السابع,الثامن,التاسع,العاشر,الحادي عشر,الثاني عشر",KG & Cycle 1 & Cycle 2 & Cycle 3,"حضانة,رياض الأطفال,الحلقة الأولى,الحلقة الثانية,الحلقة الثالثة",Al Dhafra Region,منطقة الظفرة,GHAYATHI,غياثي,GHAYATHI NORTH,506158933,Moza.SAlmansoori@ese.gov.ae,N/A,0,52.80315036,23.89600444,23.89600444000007,52.803150360000075,Point
31,2024,276AD,Public,عام,Al Yasat Kindergarten,روضة الياسات,Mixed,مختلط,U.A.E,منهاج وزارة التربية والتعليم,"KG1,KG2","روضة أولى,روضة ثانية",KG,"حضانة,رياض الأطفال",Abu Dhabi,أبوظبي,AL BAHYAH,الباهية,AL SHAHAMAH OLD,508003811,Maryam.Alawadhi@ese.gov.ae,N/A,0,54.68407009,24.55429179,24.554291790000036,54.684070090000034,Point
32,2024,465AD,Public,عام,Omamah Bint Al Harith School Girls,مدرسة أمامه بنت الحارث بنات ,Girls,بنات,U.A.E,منهاج وزارة التربية والتعليم,"G07,G08,G09,G10,G11,G12","السابع,الثامن,التاسع,العاشر,الحادي عشر,الثاني عشر",Cycle 2 & Cycle 3,"الحلقة الثانية,الحلقة الثالثة",Abu Dhabi,أبوظبي,AL NAHDAH,النهضة,AL NAHDAH AL ASKARIAH,559437868,Liesel.Nel@ese.gov.ae,N/A,0,54.69609792,24.2670983,24.267098300000043,54.69609792000006,Point
33,2024,1079AD,Public,عام,Khalifa City School,مدرسة مدينة خليفة ,Mixed,مختلط,U.A.E,منهاج وزارة التربية والتعليم,"G01,G02,G03,G04","الأول,الثاني,الثالث,الرابع",Cycle 1,الحلقة الأولى,Abu Dhabi,أبوظبي,KHALIFA CITY,مدينة خليفة,SE25,501288860,Alreem.Almenhali@ese.gov.ae,N/A,0,54.58812038,24.41120231,24.41120231000008,54.58812038000008,Point
34,2024,2081AD,Public,عام,Al Sedeirah Boys School,مدرسة السديرة بنين,Boys,بنين,U.A.E,منهاج وزارة التربية والتعليم,"G05,G06,G07,G08","الخامس,السادس,السابع,الثامن",Cycle 2,الحلقة الثانية,Abu Dhabi,أبوظبي,AL BAHYAH,الباهية,AL BAHYAH OLD,567331126,Salem.Hosani@ese.gov.ae,N/A,0,54.66246122,24.52001614,24.520016140000052,54.66246122000007,Point
35,2024,252AD,Public,عام,Bin Ham Boys School,مدرسة بن حم بنين,Boys,بنين,U.A.E,منهاج وزارة التربية والتعليم,"G05,G06,G07,G08,G09,G10,G11,G12","الخامس,السادس,السابع,الثامن,التاسع,العاشر,الحادي عشر,الثاني عشر",Cycle 2 & Cycle 3,"الحلقة الثانية,الحلقة الثالثة",Al Ain,العين,AL WIQAN,الوقن,RAMLAT ADDIMAH,502575566,Abdulrahman.Alnasibi@ese.gov.ae,N/A,0,55.5456703,23.63871132,23.638711320000027,55.54567030000004,Point
36,2024,1086AD,Public,عام,Maryam Bint Sultan Girls School,مدرسة مريم بنت سلطان بنات,Girls,بنات,U.A.E,منهاج وزارة التربية والتعليم,"G09,G10,G11,G12","التاسع,العاشر,الحادي عشر,الثاني عشر",Cycle 3,الحلقة الثالثة,Al Ain,العين,AL TIWAYYA,الطوية,UM AL SIDIR,507605355,Mariam-Tk.Aldhaheri@ese.gov.ae,N/A,0,55.70608074,24.25821223,24.258212230000026,55.70608074000006,Point
37,2024,2061AD,Public,عام,Al Bateen Kindergarten,روضة البطين,Mixed,مختلط,U.A.E,منهاج وزارة التربية والتعليم,"KG1,KG2","روضة أولى,روضة ثانية",KG,"حضانة,رياض الأطفال",Al Ain,العين,AL BATEEN,البطين,GHAFAT AL SHWAIHI,507609510,Shamma-Ha.Aldhaheri@ese.gov.ae,N/A,0,55.63126906,24.20294097,24.202940970000043,55.63126906000008,Point
38,2024,1782AD,Public,عام,Al Moktashif Al Saghir Kindergarten,روضة المكتشف الصغير,Mixed,مختلط,U.A.E,منهاج وزارة التربية والتعليم,"KG1,KG2","روضة أولى,روضة ثانية",KG,"حضانة,رياض الأطفال",Abu Dhabi,أبوظبي,AL SAMHAH,السمحة,RAHBAH_V,507529596,Aziza.Ali@ese.gov.ae,N/A,0,54.73769577,24.65051943,24.65051943000003,54.73769577000007,Point
39,2024,924AD,Public,عام,Al Nakheel Kindergarten,روضة النخيل,Mixed,مختلط,U.A.E,منهاج وزارة التربية والتعليم,"KG1,KG2","روضة أولى,روضة ثانية",KG,"حضانة,رياض الأطفال",Al Ain,العين,AL SAROUJ,الصاروج,AL SHABHAT,503347775,Maitha.Alnyadi@ese.gov.ae,N/A,0,55.79322274,24.19350645,24.19350645000003,55.79322274000003,Point
40,2024,2030AD,Public,عام,Mbazzarah Al Khadra Girls School,مدرسة المبزرة الخضراء بنات,Girls,بنات,U.A.E,منهاج وزارة التربية والتعليم,"G05,G06,G07,G08,G09,G10,G11,G12","الخامس,السادس,السابع,الثامن,التاسع,العاشر,الحادي عشر,الثاني عشر",Cycle 2 & Cycle 3,"الحلقة الثانية,الحلقة الثالثة",Al Ain,العين,MBAZZARAH AL KHADRA,مبزرة الخضراء,GREEN MUBAZZARAH 2,506434943,Aziza.Alazizi@ese.gov.ae,N/A,0,55.73966777,24.07131491,24.07131491000007,55.73966777000004,Point
41,2024,383AD,Public,عام,Al Ebtehal Kindergarten,روضة الابتهال,Mixed,مختلط,U.A.E,منهاج وزارة التربية والتعليم,"KG1,KG2","روضة أولى,روضة ثانية",KG,"حضانة,رياض الأطفال",Abu Dhabi,أبوظبي,AL RAHBAH,الرحبة,RAHBAH_E,505635634,Khadeeja-Ma.Alshehhi@ese.gov.ae,N/A,0,54.69825762,24.59064887,24.590648870000052,54.69825762000005,Point
42,2024,501AD,Public,عام,Al Taleaa School,مدرسة الطليعة,Mixed,مختلط,U.A.E,منهاج وزارة التربية والتعليم,"KG1,KG2,G01,G02,G03,G04,G05,G06,G07,G08,G09,G10,G11,G12","روضة أولى,روضة ثانية,الأول,الثاني,الثالث,الرابع,الخامس,السادس,السابع,الثامن,التاسع,العاشر,الحادي عشر,الثاني عشر",KG & Cycle 1 & Cycle 2 & Cycle 3,"حضانة,رياض الأطفال,الحلقة الأولى,الحلقة الثانية,الحلقة الثالثة",Al Ain,العين,RIMAH,رماح,MAKHOOLA,503314849,Safeya.Alkatheeri@ese.gov.ae,N/A,0,55.33221356,24.20380261,24.203802610000025,55.33221356000007,Point
43,2024,2092AD,Public,عام,Madinat Al Riyad School ,مدرسة مدينة الرياض,Mixed,مختلط,U.A.E,منهاج وزارة التربية والتعليم,"KG1,KG2,G01,G02,G03,G04","روضة أولى,روضة ثانية,الأول,الثاني,الثالث,الرابع",KG & Cycle 1,"حضانة,رياض الأطفال,الحلقة الأولى",Abu Dhabi,أبوظبي,MADINAT AL RIYAD,مدينة الرياض,RD18,529723213,Maha.Almessabi@ese.gov.ae,N/A,0,54.79006089,24.34122866,24.34122866000007,54.79006089000006,Point
44,2024,432AD,Public,عام,Al Awael Kindergarten,روضة الأوائل,Mixed,مختلط,U.A.E,منهاج وزارة التربية والتعليم,"KG1,KG2","روضة أولى,روضة ثانية",KG,"حضانة,رياض الأطفال",Al Ain,العين,AL AAMERAH,العامرة,AL RIFAA,501368887,Saleha.Alharthi@ese.gov.ae,N/A,0,55.55850238,24.25015036,24.250150360000077,55.55850238000005,Point
45,2024,1384AD,Public,عام,Al Shawamekh School Girls,مدرسة  الشوامخ بنات ,Girls,بنات,U.A.E,منهاج وزارة التربية والتعليم,"G06,G07,G08,G09,G10,G11,G12","السادس,السابع,الثامن,التاسع,العاشر,الحادي عشر,الثاني عشر",Cycle 2 & Cycle 3,"الحلقة الثانية,الحلقة الثالثة",Abu Dhabi,أبوظبي,AL SHAWAMEKH,الشوامخ,SHM11,505368765,Asma.Alharithi@ese.gov.ae,N/A,0,54.64512136,24.32917975,24.329179750000037,54.645121360000076,Point
46,2024,448AD,Public,عام,Al Asalah School,مدرسة الأصالة,Mixed,مختلط,U.A.E,منهاج وزارة التربية والتعليم,"G01,G02,G03,G04,G05","الأول,الثاني,الثالث,الرابع,الخامس",Cycle 1 & Cycle 2,"الحلقة الأولى,الحلقة الثانية",Abu Dhabi,أبوظبي,AL SHAMKHAH,الشامخة,SH4,508443323,Zainab.Alhosani@ese.gov.ae,N/A,0,54.73202488,24.40672379,24.406723790000058,54.73202488000004,Point
47,2024,418AD,Public,عام,Darwish Bin Karam Boys Chool,مدرسة درويش بن كرم بنين,Boys,بنين,U.A.E,منهاج وزارة التربية والتعليم,"G09,G10,G11,G12","التاسع,العاشر,الحادي عشر,الثاني عشر",Cycle 3,الحلقة الثالثة,Abu Dhabi,أبوظبي,RABDAN,ربدان,RB4,503423666,Mohammed.Housani@ese.gov.ae,N/A,0,54.50298809,24.40632883,24.406328830000064,54.50298809000003,Point
48,2024,1391AD,Public,عام,Ahmed Bin Zayed School,مدرسة أحمد بن زايد,Mixed,مختلط,U.A.E,منهاج وزارة التربية والتعليم,"G01,G02,G03,G04","الأول,الثاني,الثالث,الرابع",Cycle 1,الحلقة الأولى,Al Ain,العين,ZAKHIR,زاخر,RAMLAT ZAKHER,563120808,Fawzeya.Alblooshi@ese.gov.ae,N/A,0,55.69027521,24.14705818,24.147058180000045,55.69027521000004,Point
49,2024,261AD,Public,عام,Bonat Al Ghad Kindergarten,روضة بناة الغد,Mixed,مختلط,U.A.E,منهاج وزارة التربية والتعليم,"KG1,KG2","روضة أولى,روضة ثانية",KG,"حضانة,رياض الأطفال",Abu Dhabi,أبوظبي,AL SHAMKHAH,الشامخة,SH3,505800722,Hamda.Qamzi@ese.gov.ae,N/A,0,54.74223447,24.39854615,24.398546150000072,54.74223447000003,Point
50,2024,1393AD,Public,عام,Al Tomooh School,مدرسة الطموح,Mixed,مختلط,U.A.E,منهاج وزارة التربية والتعليم,"G01,G02,G03,G04,G05,G06,G07,G08,G09,G10,G11,G12","الأول,الثاني,الثالث,الرابع,الخامس,السادس,السابع,الثامن,التاسع,العاشر,الحادي عشر,الثاني عشر",Cycle 1 & Cycle 2 & Cycle 3,"الحلقة الأولى,الحلقة الثانية,الحلقة الثالثة",Al Ain,العين,AL BATEEN,البطين,GHAFAT AL SHWAIHI,506194600,Noura.Aldhahri@ese.gov.ae,N/A,0,55.63685331,24.21349234,24.213492340000073,55.63685331000005,Point
51,2024,1399AD,Public,عام,Ali Bin Abi Taleb Boys School,مدرسة علي بن ابي طالب بنين,Boys,بنين,U.A.E,منهاج وزارة التربية والتعليم,"G10,G11,G12","العاشر,الحادي عشر,الثاني عشر",Cycle 3,الحلقة الثالثة,Al Ain,العين,AL FOU'AH,الفوعة,AL RAQIYAH,504544473,Mahmood.Bulshawareb@ese.gov.ae,N/A,0,55.80199661,24.33931332,24.33931332000003,55.80199661000006,Point
52,2024,499AD,Public,عام,Al Morjan Kindergarten,روضة المرجان,Mixed,مختلط,U.A.E,منهاج وزارة التربية والتعليم,"KG1,KG2","روضة أولى,روضة ثانية",KG,"حضانة,رياض الأطفال",Abu Dhabi,أبوظبي,AL SAMHAH,السمحة,SAMHAH_U,588661450,Amal.Albraiki@ese.gov.ae,N/A,0,54.75922468,24.67497469,24.674974690000056,54.759224680000045,Point
53,2024,1114AD,Public,عام,Al Khleef Kindergarten,روضة الخليف,Mixed,مختلط,U.A.E,منهاج وزارة التربية والتعليم,"KG1,KG2","روضة أولى,روضة ثانية",KG,"حضانة,رياض الأطفال",Al Ain,العين,HILI,هيلي,AL REEF,507935051,Mona.Algaithi@ese.gov.ae,N/A,0,55.80094458,24.31258135,24.312581350000073,55.80094458000008,Point
54,2024,525AD,Public,عام,Shamma Bint Mohammad School,مدرسة شما بنت محمد,Mixed,مختلط,U.A.E,منهاج وزارة التربية والتعليم,"G01,G02,G03,G04","الأول,الثاني,الثالث,الرابع",Cycle 1,الحلقة الأولى,Al Ain,العين,AL KHIBEESI,الخبيصي,AL ZAAFARAN,501358000,Hend.Alkaabi@ese.gov.ae,N/A,0,55.71498525,24.23801138,24.238011380000046,55.71498525000004,Point
55,2024,2089AD,Public,عام,Zayed City Girls School ,مدرسة مدينة زايد بنات,Girls,بنات,U.A.E,منهاج وزارة التربية والتعليم,"G05,G06,G07,G08,G09,G10,G11,G12","الخامس,السادس,السابع,الثامن,التاسع,العاشر,الحادي عشر,الثاني عشر",Cycle 2 & Cycle 3,"الحلقة الثانية,الحلقة الثالثة",Abu Dhabi,أبوظبي,ZAYED CITY,مدينة زايد,MZ4,528428462,Samyah.Aldhaheri@ese.gov.ae,N/A,0,54.6169474,24.37882132,24.378821320000043,54.61694740000007,Point
56,2024,1390AD,Public,عام,Aaliya School,مدرسة عالية,Mixed,مختلط,U.A.E,منهاج وزارة التربية والتعليم,"KG1,KG2,G01,G02,G03,G04","روضة أولى,روضة ثانية,الأول,الثاني,الثالث,الرابع",KG & Cycle 1,"حضانة,رياض الأطفال,الحلقة الأولى",Al Ain,العين,AL AAMERAH,العامرة,ALIYAH,504935559,Alia.Almeqbali@ese.gov.ae,N/A,0,55.53330304,24.19601374,24.19601374000007,55.53330304000008,Point
57,2024,2091AD,Public,عام,Al Muzoon Kindergarten,روضة المزون ,Mixed,مختلط,U.A.E,منهاج وزارة التربية والتعليم,KG1,روضة أولى,KG,حضانة,Abu Dhabi,أبوظبي,AL NAHYAN,آل نهيان,E19_01,506126264,Noura.Alalawi@ese.gov.ae,N/A,0,54.37736371,24.46586591,24.465865910000048,54.377363710000054,Point
58,2024,2088AD,Public,عام,Zayed City School ,مدرسة مدينة زايد,Mixed,مختلط,U.A.E,منهاج وزارة التربية والتعليم,"KG1,KG2,G01,G02,G03,G04","روضة أولى,روضة ثانية,الأول,الثاني,الثالث,الرابع",KG & Cycle 1,"حضانة,رياض الأطفال,الحلقة الأولى",Abu Dhabi,أبوظبي,ZAYED CITY,مدينة زايد,MZ9,506228826,Salama-Ka.Alnuaimi@ese.gov.ae,N/A,0,54.62256786,24.39327387,24.39327387000003,54.62256786000006,Point
59,2024,492AD,Public,عام,Al Ain Girls School,مدرسة العين بنات,Girls,بنات,U.A.E,منهاج وزارة التربية والتعليم,"G05,G06,G07,G08","الخامس,السادس,السابع,الثامن",Cycle 2,الحلقة الثانية,Al Ain,العين,HILI,هيلي,UM AL MADER,501122853,Aisha-Ab.Aldarmaki@ese.gov.ae,N/A,0,55.76594133,24.28863647,24.28863647000003,55.76594133000003,Point
60,2024,337AD,Public,عام,Al Adl Boys School,مدرسة العدل بنين,Boys,بنين,U.A.E,منهاج وزارة التربية والتعليم,"G06,G07,G08","السادس,السابع,الثامن",Cycle 2,الحلقة الثانية,Al Ain,العين,AL AAMERAH,العامرة,AL RIFAA,504488554,Mohammed-Ja.Sultan@ese.gov.ae,N/A,0,55.55627677,24.22841133,24.22841133000003,55.55627677000007,Point
61,2024,489AD,Public,عام,Al Maha School Girls,مدرسة المها بنات,Girls,بنات,U.A.E,منهاج وزارة التربية والتعليم,"G09,G10,G11,G12","التاسع,العاشر,الحادي عشر,الثاني عشر",Cycle 3,الحلقة الثالثة,Abu Dhabi,أبوظبي,AL FALAH,الفلاح,AL HEELIYA NORTH,25588611,Thekrayat.Alhamdan@ese.gov.ae,N/A,0,54.74166385,24.42256957,24.422569570000064,54.741663850000066,Point
62,2024,2090AD,Public,عام,Zayed City Boys School ,مدرسة مدينة زايد بنين,Boys,بنين,U.A.E,منهاج وزارة التربية والتعليم,"G05,G06,G07,G08,G09,G10,G11,G12","الخامس,السادس,السابع,الثامن,التاسع,العاشر,الحادي عشر,الثاني عشر",Cycle 2 & Cycle 3,"الحلقة الثانية,الحلقة الثالثة",Abu Dhabi,أبوظبي,ZAYED CITY,مدينة زايد,MZ3,508023323,Hanan-Aa.Aljunaibi@ese.gov.ae,N/A,0,54.61131961,24.35918403,24.35918403000005,54.611319610000066,Point
63,2024,542AD,Public,عام,Al Resalah School,مدرسة الرسالة,Mixed,مختلط,U.A.E,منهاج وزارة التربية والتعليم,"KG1,KG2,G01,G02,G03,G04,G05,G06,G07,G08,G09,G10,G11,G12","روضة أولى,روضة ثانية,الأول,الثاني,الثالث,الرابع,الخامس,السادس,السابع,الثامن,التاسع,العاشر,الحادي عشر,الثاني عشر",KG & Cycle 1 & Cycle 2 & Cycle 3,"حضانة,رياض الأطفال,الحلقة الأولى,الحلقة الثانية,الحلقة الثالثة",Al Ain,العين,AL FAQA',الفقع,DULAYMAH 2,506633991,Alia-D.Alkaabi@ese.gov.ae,N/A,0,55.61693717,24.71633516,24.71633516000003,55.61693717000003,Point
64,2024,2002AD,Public,عام,Al Nebras Boys School,مدرسة النبراس بنين,Boys,بنين,U.A.E,منهاج وزارة التربية والتعليم,"G05,G06,G07,G08","الخامس,السادس,السابع,الثامن",Cycle 2,الحلقة الثانية,Al Ain,العين,AL SALAMAT,السلامات,AL SALAMAT 1,508317793,Mohammed.Alnaqbi@ese.gov.ae,N/A,0,55.58773445,24.21269609,24.212696090000065,55.58773445000003,Point
65,2024,539AD,Public,عام,Um Al Fadhel Bint Al Hareth Girls School,مدرسة أم الفضل بنت الحارث بنات,Girls,بنات,U.A.E,منهاج وزارة التربية والتعليم,"G05,G06,G07,G08","الخامس,السادس,السابع,الثامن",Cycle 2,الحلقة الثانية,Al Ain,العين,AL AAMERAH,العامرة,AL SAMAR,503307866,Salma.Alobidy@ese.gov.ae,N/A,0,55.55195106,24.23394519,24.233945190000043,55.55195106000008,Point
66,2024,259AD,Public,عام,Um Ghafa Kindergarten,روضة أم غافة,Mixed,مختلط,U.A.E,منهاج وزارة التربية والتعليم,"KG1,KG2","روضة أولى,روضة ثانية",KG,"حضانة,رياض الأطفال",Al Ain,العين,UM GHAFAH,أم غافة,SHABIAT UMM GHAFFA,501192223,Mariam.Alkuwaiti@ese.gov.ae,N/A,0,55.90753262,24.09950596,24.099505960000045,55.90753262000004,Point
67,2024,2027AD,Public,عام,Hamdan Bin Zayed School,مدرسة حمدان بن زايد ,Mixed,مختلط,U.A.E,منهاج وزارة التربية والتعليم,"G05,G06,G07,G08,G09,G10,G11,G12","الخامس,السادس,السابع,الثامن,التاسع,العاشر,الحادي عشر,الثاني عشر",Cycle 2 & Cycle 3,"الحلقة الثانية,الحلقة الثالثة",Abu Dhabi,أبوظبي,AL MUSHRIF,المشرف,W52_01,504945223,fatma.albastaki@ese.gov.ae,N/A,0,54.39541874,24.43127184,24.43127184000008,54.39541874000008,Point
68,2024,2031AD,Public,عام,Al Qoua C2 Boys School,مدرسة القوع حلقة ثانية بنين,Boys,بنين,U.A.E,منهاج وزارة التربية والتعليم,"G05,G06,G07","الخامس,السادس,السابع",Cycle 2,الحلقة الثانية,Al Ain,العين,AL QOU',القوع,UM AL OWSH,501624661,Nafla.Alderei@ese.gov.ae,N/A,0,55.42587492,23.41082298,23.410822980000034,55.42587492000007,Point
69,2024,1383AD,Public,عام,Al Reyada School Girls,مدرسة الريادة بنات ,Girls,بنات,U.A.E,منهاج وزارة التربية والتعليم,"G06,G07,G08,G09,G10,G11,G12","السادس,السابع,الثامن,التاسع,العاشر,الحادي عشر,الثاني عشر",Cycle 2 & Cycle 3,"الحلقة الثانية,الحلقة الثالثة",Abu Dhabi,أبوظبي,AL SHAMKHAH,الشامخة,SH17,501332545,Shawqeya.Alhosani@ese.gov.ae,N/A,0,54.68953625,24.38932914,24.38932914000003,54.68953625000006,Point
70,2024,495AD,Public,عام,Abu Dhabi School Boys,مدرسة أبوظبي بنين,Boys,بنين,U.A.E,منهاج وزارة التربية والتعليم,"G09,G10,G11,G12","التاسع,العاشر,الحادي عشر,الثاني عشر",Cycle 3,الحلقة الثالثة,Abu Dhabi,أبوظبي,AL DANAH,الدانة,E18_02,507118899,Abdelazeez.Suliman@ese.gov.ae,N/A,0,54.37616752,24.47954944,24.479549440000028,54.37616752000008,Point
71,2024,500AD,Public,عام,Um Kolthoom Girls School,مدرسة أم كلثوم بنات,Girls,بنات,U.A.E,منهاج وزارة التربية والتعليم,"G05,G06,G07,G08,G09,G10,G11,G12","الخامس,السادس,السابع,الثامن,التاسع,العاشر,الحادي عشر,الثاني عشر",Cycle 2 & Cycle 3,"الحلقة الثانية,الحلقة الثالثة",Al Ain,العين,AL MAQAM,المقام,SHABIYAT AL MAQAM,563050039,Rahima.Alblooshi@ese.gov.ae,N/A,0,55.62175062,24.18639854,24.186398540000027,55.62175062000006,Point
72,2024,2073AD,Public,عام,Hamooda Bin Ali School,مدرسة حمودة بن علي ,Mixed,مختلط,U.A.E,منهاج وزارة التربية والتعليم,"G01,G02,G03,G04,G05","الأول,الثاني,الثالث,الرابع,الخامس",Cycle 1 & Cycle 2,"الحلقة الأولى,الحلقة الثانية",Abu Dhabi,أبوظبي,AL SHAWAMEKH,الشوامخ,SHM1,505961722,Ayesha.Alali@ese.gov.ae,N/A,0,54.66265764,24.37415341,24.374153410000076,54.66265764000008,Point
73,2024,2086AD,Public,عام,Al Marfaa School Boys,مدرسة المرفأ بنين,Boys,بنين,U.A.E,منهاج وزارة التربية والتعليم,"G05,G06,G07,G08,G09,G10,G11,G12","الخامس,السادس,السابع,الثامن,التاسع,العاشر,الحادي عشر,الثاني عشر",Cycle 2 & Cycle 3,"الحلقة الثانية,الحلقة الثالثة",Al Dhafra Region,منطقة الظفرة,AL MARFA,المرفأ,MR6,504441747,Yousuf.Alhammadi@ese.gov.ae,N/A,0,53.47856691,24.07971498,24.079714980000062,53.47856691000004,Point
74,2024,1151AD,Public,عام,Bedaa Al Mutawa School  ,مدرسة بدع المطاوعة ,Mixed,مختلط,U.A.E,منهاج وزارة التربية والتعليم,"KG1,KG2,G01,G02,G03,G04,G05,G06,G07,G08,G09,G10,G11,G12","روضة أولى,روضة ثانية,الأول,الثاني,الثالث,الرابع,الخامس,السادس,السابع,الثامن,التاسع,العاشر,الحادي عشر,الثاني عشر",KG & Cycle 1 & Cycle 2 & Cycle 3,"حضانة,رياض الأطفال,الحلقة الأولى,الحلقة الثانية,الحلقة الثالثة",Al Dhafra Region,منطقة الظفرة,BAD' AL MUTAW'AH,بدع المطاوعة,BAD' AL MUTAW'AH,504411206,Alroome.Almansoori@ese.gov.ae,N/A,0,52.57594693,23.78237907,23.782379070000047,52.57594693000004,Point
75,2024,533AD,Public,عام,Al Bedaa Boys School,مدرسة البدع بنين,Boys,بنين,U.A.E,منهاج وزارة التربية والتعليم,"G05,G06,G07,G08,G09,G10,G11,G12","الخامس,السادس,السابع,الثامن,التاسع,العاشر,الحادي عشر,الثاني عشر",Cycle 2 & Cycle 3,"الحلقة الثانية,الحلقة الثالثة",Al Ain,العين,NAHIL,ناهل,MADINAT NAHIL,557271199,Ali.Binzayed@ese.gov.ae,N/A,0,55.48973632,24.51022517,24.51022517000007,55.48973632000008,Point
76,2024,2055AD,Public,عام,Al Maqam Kindergarten,روضة المقام,Mixed,مختلط,U.A.E,منهاج وزارة التربية والتعليم,"KG1,KG2","روضة أولى,روضة ثانية",KG,"حضانة,رياض الأطفال",Al Ain,العين,AL MAQAM,المقام,SHABIYAT AL MAQAM,504711716,Fatima-Ms.Alghaithi@ese.gov.ae,N/A,0,55.61374643,24.18289616,24.18289616000004,55.61374643000005,Point
77,2024,2087AD,Public,عام,Al Nokhba School,مدرسة النخبة,Mixed,مختلط,NON-MOE,N/A,"KG1,KG2,G01,G02,G03,G04,G05","روضة أولى,روضة ثانية,الأول,الثاني,الثالث,الرابع,الخامس",KG & Cycle 1 & Cycle 2,"حضانة,رياض الأطفال,الحلقة الأولى,الحلقة الثانية",Al Dhafra Region,منطقة الظفرة,AL MARFA,المرفأ,MR6,562246164,Sheridan.Fisher@ese.gov.ae,N/A,0,53.47856691,24.07971498,24.079714980000062,53.47856691000004,Point
78,2024,253AD,Public,عام,Al Ghazali School,مدرسة الغزالي بنين,Boys,بنين,U.A.E,منهاج وزارة التربية والتعليم,"G05,G06,G07,G08","الخامس,السادس,السابع,الثامن",Cycle 2,الحلقة الثانية,Abu Dhabi,أبوظبي,AL BATEEN,البطين,W16,505812101,Qadreya.Alali@ese.gov.ae,N/A,0,54.34011323,24.4578584,24.457858400000077,54.34011323000004,Point
79,2024,2029AD,Public,عام,Al Dhaher Girls School,مدرسة الظاهر بنات,Girls,بنات,U.A.E,منهاج وزارة التربية والتعليم,"G10,G11,G12","العاشر,الحادي عشر,الثاني عشر",Cycle 3,الحلقة الثالثة,Al Ain,العين,AL DHAHIR,الظاهر,DHAHER 1,505639927,Hamda-Aa.Alneyadi@ese.gov.ae,N/A,0,55.84127078,24.07589208,24.075892080000074,55.84127078000006,Point
80,2024,556AD,Public,عام,Al Sawsan Kindergarten,روضة السوسن,Mixed,مختلط,U.A.E,منهاج وزارة التربية والتعليم,"KG1,KG2","روضة أولى,روضة ثانية",KG,"حضانة,رياض الأطفال",Al Ain,العين,AL SALAMAT,السلامات,AL SALAMAT 1,551244442,Alyazia.Alghafli@ese.gov.ae,N/A,0,55.5889016,24.2048377,24.20483770000004,55.58890160000004,Point
81,2024,390AD,Public,عام,Um Al Emarat  School Girls,مدرسة أم الإمارات بنات ,Girls,بنات,U.A.E,منهاج وزارة التربية والتعليم,"G10,G11,G12","العاشر,الحادي عشر,الثاني عشر",Cycle 3,الحلقة الثالثة,Abu Dhabi,أبوظبي,AL SHAMKHAH,الشامخة,SH4,506129987,Afra.Almarbouei@ese.gov.ae,N/A,0,54.73167203,24.40902442,24.409024420000037,54.73167203000003,Point
82,2024,517AD,Public,عام,Al Zayediyyah Girls School,مدرسة الزايدية بنات,Girls,بنات,U.A.E,منهاج وزارة التربية والتعليم,"G10,G11,G12","العاشر,الحادي عشر,الثاني عشر",Cycle 3,الحلقة الثالثة,Al Ain,العين,ZAKHIR,زاخر,AL SWUAIFI,507893444,Noura-Ra.Alnuaimi@ese.gov.ae,N/A,0,55.70373779,24.1403875,24.14038750000003,55.70373779000005,Point
83,2024,320AD,Public,عام,Ibn Sina School,مدرسة إبن سينا,Mixed,مختلط,U.A.E,منهاج وزارة التربية والتعليم,"G01,G02,G03,G04,G05,G06,G07,G08,G09,G10,G11,G12","الأول,الثاني,الثالث,الرابع,الخامس,السادس,السابع,الثامن,التاسع,العاشر,الحادي عشر,الثاني عشر",Cycle 1 & Cycle 2 & Cycle 3,"الحلقة الأولى,الحلقة الثانية,الحلقة الثالثة",Abu Dhabi,أبوظبي,AL SHAHAMAH,الشهامة,AL SHAHAMAH I,551021174,Priti.Sindhu@ese.gov.ae,N/A,0,54.68856329,24.52150798,24.521507980000024,54.68856329000005,Point
84,2024,2064AD,Public,عام,Zayed Al Thani Boys School,مدرسة زايد الثاني بنين,Boys,بنين,U.A.E,منهاج وزارة التربية والتعليم,"G09,G10,G11,G12","التاسع,العاشر,الحادي عشر,الثاني عشر",Cycle 3,الحلقة الثالثة,Abu Dhabi,أبوظبي,AL SHAWAMEKH,الشوامخ,SHM11,504463963,Abdullah.Yousif@ese.gov.ae,N/A,0,54.64340464,24.32667985,24.326679850000062,54.64340464000003,Point
85,2024,427AD,Public,عام,Al Sariyah School,مدرسة السارية,Mixed,مختلط,U.A.E,منهاج وزارة التربية والتعليم,"KG1,KG2,G01,G02,G03,G04,G05,G06,G07,G08,G09,G10,G11,G12","روضة أولى,روضة ثانية,الأول,الثاني,الثالث,الرابع,الخامس,السادس,السابع,الثامن,التاسع,العاشر,الحادي عشر,الثاني عشر",KG & Cycle 1 & Cycle 2 & Cycle 3,"حضانة,رياض الأطفال,الحلقة الأولى,الحلقة الثانية,الحلقة الثالثة",Al Ain,العين,SWEIHAN,سويحان,SHABIAT SUWEIHAN,506636923,Hamamma.Mazroui@ese.gov.ae,N/A,0,55.3429987,24.46597246,24.465972460000046,55.34299870000007,Point
86,2024,333AD,Public,عام,Al Quaa Boys School,مدرسة القوع بنين,Boys,بنين,U.A.E,منهاج وزارة التربية والتعليم,"G08,G09,G10,G11,G12","الثامن,التاسع,العاشر,الحادي عشر,الثاني عشر",Cycle 2 & Cycle 3,"الحلقة الثانية,الحلقة الثالثة",Al Ain,العين,AL QOU',القوع,UM AL OWSH,509766657,Ahmed.Aldarei@ese.gov.ae,N/A,0,55.42758854,23.41518005,23.41518005000006,55.427588540000045,Point
87,2024,920AD,Public,عام,Al Jeel Al Jadeed Kindergarten,روضة الجيل الجديد,Mixed,مختلط,U.A.E,منهاج وزارة التربية والتعليم,"KG1,KG2","روضة أولى,روضة ثانية",KG,"حضانة,رياض الأطفال",Abu Dhabi,أبوظبي,KHALIFA CITY,مدينة خليفة,SE16,506665525,Ghariba.Alkhyeli@ese.gov.ae,N/A,0,54.58819646,24.404116,24.404116000000045,54.58819646000006,Point
88,2024,2096AD,Public,عام,Al Rawdah Al Sharqiyah School,مدرسة الروضة الشرقية ,Mixed,مختلط,U.A.E,منهاج وزارة التربية والتعليم,"KG1,KG2,G01,G02,G03,G04,G05,G06,G07,G08,G09,G10,G11,G12","روضة أولى,روضة ثانية,الأول,الثاني,الثالث,الرابع,الخامس,السادس,السابع,الثامن,التاسع,العاشر,الحادي عشر,الثاني عشر",KG & Cycle 1 & Cycle 2 & Cycle 3,"حضانة,رياض الأطفال,الحلقة الأولى,الحلقة الثانية,الحلقة الثالثة",Al Ain,العين,AL RAWDAH AL SHARQIYAH,الروضة الشرقية,AL IFAZ,507331228,Amna-Mh.Alkaabi@ese.gov.ae,N/A,0,55.64821076,24.14900715,24.149007150000045,55.64821076000004,Point
89,2024,1564AD,Public,عام,Al Shabhana School Boys,مدرسة الشبهانة بنين ,Boys,بنين,U.A.E,منهاج وزارة التربية والتعليم,"G05,G06,G07,G08,G09,G10,G11,G12","الخامس,السادس,السابع,الثامن,التاسع,العاشر,الحادي عشر,الثاني عشر",Cycle 2 & Cycle 3,"الحلقة الثانية,الحلقة الثالثة",Al Dhafra Region,منطقة الظفرة,AL SILA',السلع,BAYAH EAST 2,505164591,Mohamed.Sayedahmed@ese.gov.ae,N/A,0,51.76395366,24.0637061,24.063706100000047,51.76395366000003,Point
90,2024,283AD,Public,عام,Khalifah Bin Zayed Boys School,مدرسة خليفة بن زايد بنين,Boys,بنين,U.A.E,منهاج وزارة التربية والتعليم,"G09,G10,G11,G12","التاسع,العاشر,الحادي عشر,الثاني عشر",Cycle 3,الحلقة الثالثة,Abu Dhabi,أبوظبي,AL MUSHRIF,المشرف,W47,506228814,Khalid.Hosani@ese.gov.ae,N/A,0,54.40713589,24.43012305,24.430123050000077,54.40713589000006,Point
91,2024,1242AD,Public,عام,Zakhir Kindergarten,روضة زاخر,Mixed,مختلط,U.A.E,منهاج وزارة التربية والتعليم,"KG1,KG2","روضة أولى,روضة ثانية",KG,"حضانة,رياض الأطفال",Al Ain,العين,ZAKHIR,زاخر,GAFAT AL NAYYAR,506937000,Hessa.Alshamisi@ese.gov.ae,N/A,0,55.69242511,24.1218669,24.121866900000043,55.692425110000045,Point
92,2024,411AD,Public,عام,Al Refaah School,مدرسة الرفعة,Mixed,مختلط,U.A.E,منهاج وزارة التربية والتعليم,"G02,G03,G04,G05,G06,G07,G08,G09,G10,G11,G12","الثاني,الثالث,الرابع,الخامس,السادس,السابع,الثامن,التاسع,العاشر,الحادي عشر,الثاني عشر",Cycle 1 & Cycle 2 & Cycle 3,"الحلقة الأولى,الحلقة الثانية,الحلقة الثالثة",Al Ain,العين,AL HIYAR,الهير,RAMLAT AL HAYER,503620055,Huda.Echtibi@ese.gov.ae,N/A,0,55.7555089,24.60367904,24.60367904000003,55.75550890000005,Point
93,2024,1085AD,Public,عام,Al Shiyam Girls School,مدرسة الشيم بنات,Girls,بنات,U.A.E,منهاج وزارة التربية والتعليم,"G05,G06,G08,G09,G10,G11,G12","الخامس,السادس,الثامن,التاسع,العاشر,الحادي عشر,الثاني عشر",Cycle 2 & Cycle 3,"الحلقة الثانية,الحلقة الثالثة",Al Ain,العين,UM GHAFAH,أم غافة,SHABIAT UMM GHAFFA,503334531,Afra.Alshamsi@ese.gov.ae,N/A,0,55.90598276,24.09974632,24.099746320000065,55.90598276000003,Point
94,2024,260AD,Public,عام,Al Dhahera Boys School,مدرسة الظاهرة بنين,Boys,بنين,U.A.E,منهاج وزارة التربية والتعليم,"G05,G06,G07,G08,G09,G10,G11,G12","الخامس,السادس,السابع,الثامن,التاسع,العاشر,الحادي عشر,الثاني عشر",Cycle 2 & Cycle 3,"الحلقة الثانية,الحلقة الثالثة",Al Ain,العين,AL DHAHRAH,الظاهرة,AL MALALEEH,507431223,Amna-Am.Alshamisi@ese.gov.ae,N/A,0,55.57033954,24.00066145,24.000661450000052,55.57033954000008,Point
95,2024,1545AD,Public,عام,Al Mesk Kindergarten,روضة المسك,Mixed,مختلط,U.A.E,منهاج وزارة التربية والتعليم,"KG1,KG2","روضة أولى,روضة ثانية",KG,"حضانة,رياض الأطفال",Al Ain,العين,AL FOU'AH,الفوعة,AL SAJAA,506147998,Mouza-S.Alkaabi@ese.gov.ae,N/A,0,55.79295461,24.34504758,24.345047580000028,55.79295461000004,Point
96,2024,1244AD,Public,عام,Al Aryam Kindergarten,روضة الأريام,Mixed,مختلط,U.A.E,منهاج وزارة التربية والتعليم,"KG1,KG2","روضة أولى,روضة ثانية",KG,"حضانة,رياض الأطفال",Abu Dhabi,أبوظبي,KHALIFA CITY,مدينة خليفة,SW15,528811135,Abeer.Shabana@ese.gov.ae,N/A,0,54.56091217,24.40108697,24.40108697000005,54.56091217000005,Point
97,2024,1077AD,Public,عام,Al Mabade School,مدرسة المبادئ,Mixed,مختلط,U.A.E,منهاج وزارة التربية والتعليم,"KG1,KG2,G01,G02,G03,G04,G05,G06,G07,G08,G09,G10,G11,G12","روضة أولى,روضة ثانية,الأول,الثاني,الثالث,الرابع,الخامس,السادس,السابع,الثامن,التاسع,العاشر,الحادي عشر,الثاني عشر",KG & Cycle 1 & Cycle 2 & Cycle 3,"حضانة,رياض الأطفال,الحلقة الأولى,الحلقة الثانية,الحلقة الثالثة",Al Ain,العين,AL KHAZNAH,الخزنة,AL BEDA,506136565,ruwaya.alsaedi@ese.gov.ae,N/A,0,55.13065739,24.16089598,24.160895980000078,55.13065739000007,Point
98,2024,486AD,Public,عام,Al Rudwan Kindergarten,روضة الرضوان,Mixed,مختلط,U.A.E,منهاج وزارة التربية والتعليم,"KG1,KG2","روضة أولى,روضة ثانية",KG,"حضانة,رياض الأطفال",Abu Dhabi,أبوظبي,KHALIFA CITY,مدينة خليفة,SE1,501291294,Ayesha.Aljaberi@ese.gov.ae,N/A,0,54.56612889,24.42796681,24.427966810000044,54.56612889000007,Point
99,2024,451AD,Public,عام,Al Jazeera Club Academy Boys,أكاديمية نادي الجزيرة بنين,Boys,بنين,U.A.E,منهاج وزارة التربية والتعليم,"G09,G10,G11,G12","التاسع,العاشر,الحادي عشر,الثاني عشر",Cycle 3,الحلقة الثالثة,N/A,N/A,N/A,N/A,N/A,504414387,Faisal.Thabit@ese.gov.ae,N/A,0,-1.0,-1.0,-0.9999999999999432,-0.9999999999999432,Point
100,2024,1173AD,Public,عام,Muraijib Girls School,مدرسة مريجب بنات,Girls,بنات,U.A.E,منهاج وزارة التربية والتعليم,"G05,G06,G07,G08","الخامس,السادس,السابع,الثامن",Cycle 2,الحلقة الثانية,Al Ain,العين,AL JIMI,الجيمي,AL AMERIYA,0,N/A,N/A,0,55.72289315,24.25310764,24.253107640000053,55.72289315000006,Point
101,2024,229AD,Public,عام,Atifal Al Maerefa Kindergarten,روضة اطفال المعرفة,Mixed,مختلط,U.A.E,منهاج وزارة التربية والتعليم,"KG1,KG2","روضة أولى,روضة ثانية",KG,"حضانة,رياض الأطفال",Abu Dhabi,أبوظبي,BANI YAS,بني ياس,EB2_04,555665882,Mariam.Aloudhali@ese.gov.ae,N/A,0,54.63566722,24.30609714,24.306097140000077,54.63566722000007,Point
102,2024,523AD,Public,عام,Um Al Emarat Girls School - Al Ain,مدرسة أم الإمارات بنات - العين,Girls,بنات,U.A.E,منهاج وزارة التربية والتعليم,"G09,G10,G11,G12","التاسع,العاشر,الحادي عشر,الثاني عشر",Cycle 3,الحلقة الثالثة,Al Ain,العين,HILI,هيلي,AL GRAIFAH,501371240,Fatima-Sm.Alkaabi@ese.gov.ae,N/A,0,55.76463181,24.27404065,24.274040650000074,55.76463181000008,Point
103,2024,1076AD,Public,عام,Al Khatem School,مدرسة الختم,Mixed,مختلط,U.A.E,منهاج وزارة التربية والتعليم,"KG1,KG2,G01,G02,G03,G04,G05,G06,G07,G08,G09,G10,G11,G12","روضة أولى,روضة ثانية,الأول,الثاني,الثالث,الرابع,الخامس,السادس,السابع,الثامن,التاسع,العاشر,الحادي عشر,الثاني عشر",KG & Cycle 1 & Cycle 2 & Cycle 3,"حضانة,رياض الأطفال,الحلقة الأولى,الحلقة الثانية,الحلقة الثالثة",Abu Dhabi,أبوظبي,AL KHATM,الختم,AL KHATM NEW,508144125,Salma-M.Almansoori@ese.gov.ae,N/A,0,54.99384165,24.18234776,24.182347760000027,54.993841650000036,Point
104,2024,354AD,Public,عام,Al Dahmaa Boys School,مدرسة الدهماء بنين,Boys,بنين,U.A.E,منهاج وزارة التربية والتعليم,"G09,G10,G11,G12","التاسع,العاشر,الحادي عشر,الثاني عشر",Cycle 3,الحلقة الثالثة,Al Ain,العين,AL BATEEN,البطين,GHAFAT AL SHWAIHI,504490340,Hamed.Alkaabi@ese.gov.ae,N/A,0,55.63776982,24.21560288,24.215602880000063,55.637769820000074,Point
105,2024,325AD,Public,عام,Al Mawaheb School,مدرسة المواهب بنات,Girls,بنات,U.A.E,منهاج وزارة التربية والتعليم,"G09,G10,G11,G12","التاسع,العاشر,الحادي عشر,الثاني عشر",Cycle 3,الحلقة الثالثة,Abu Dhabi,أبوظبي,AL BATEEN,البطين,W11,502666771,Shamsa.Alshamisi@ese.gov.ae,N/A,0,54.34787792,24.46266039,24.462660390000053,54.34787792000003,Point
106,2024,1243AD,Public,عام,Al Yahar Kindergarten,روضة اليحر,Mixed,مختلط,U.A.E,منهاج وزارة التربية والتعليم,"KG1,KG2","روضة أولى,روضة ثانية",KG,"حضانة,رياض الأطفال",Al Ain,العين,AL AAMERAH,العامرة,AL RIFAA,504103051,Eiman.Alkhlaifi@ese.gov.ae,N/A,0,55.56828515,24.23129371,24.231293710000045,55.568285150000065,Point
107,2024,459AD,Public,عام,Al Maqam Boys School,مدرسة المقام بنين,Boys,بنين,U.A.E,منهاج وزارة التربية والتعليم,"G09,G10,G11,G12","التاسع,العاشر,الحادي عشر,الثاني عشر",Cycle 3,الحلقة الثالثة,Al Ain,العين,AL MAQAM,المقام,SHABIYAT AL MAQAM,506494550,Talal.Naqbi@ese.gov.ae,N/A,0,55.62503267,24.19002782,24.19002782000007,55.62503267000005,Point
108,2024,393AD,Public,عام,Moza Bint Buti Girls School,مدرسة موزة بنت بطي بنات,Girls,بنات,U.A.E,منهاج وزارة التربية والتعليم,"G05,G06","الخامس,السادس",Cycle 2,الحلقة الثانية,Abu Dhabi,أبوظبي,AL BAHYAH,الباهية,AL BAHYAH FARMS 2,506675177,Fatima.Almarzouqei@ese.gov.ae,N/A,0,54.6769767,24.55752129,24.557521290000068,54.67697670000007,Point
109,2024,367AD,Public,عام,Al Zayediyyah Boys School,مدرسة الزايدية بنين,Boys,بنين,U.A.E,منهاج وزارة التربية والتعليم,"G10,G11,G12","العاشر,الحادي عشر,الثاني عشر",Cycle 3,الحلقة الثالثة,Al Ain,العين,ZAKHIR,زاخر,GAFAT AL NAYYAR,505766995,Mohamed.Abubakr@ese.gov.ae,N/A,0,55.69807923,24.13459887,24.134598870000048,55.698079230000076,Point
110,2024,1397AD,Public,عام,Abdul Jalil Al Fahim Boys School,مدرسة عبدالجليل الفهيم بنين,Boys,بنين,U.A.E,منهاج وزارة التربية والتعليم,"G05,G06,G07,G08","الخامس,السادس,السابع,الثامن",Cycle 2,الحلقة الثانية,Abu Dhabi,أبوظبي,AL SA`ADAH,السعادة,E41_01,506636444,mohammed-k.alzaabi@ese.gov.ae,N/A,0,54.43606618,24.44202063,24.44202063000006,54.43606618000007,Point
111,2024,1997AD,Public,عام,Al Khair Girls School,مدرسة الخير بنات,Girls,بنات,U.A.E,منهاج وزارة التربية والتعليم,"G05,G06,G07,G08,G09,G10,G11,G12","الخامس,السادس,السابع,الثامن,التاسع,العاشر,الحادي عشر,الثاني عشر",Cycle 2 & Cycle 3,"الحلقة الثانية,الحلقة الثالثة",Al Ain,العين,AL AAMERAH,العامرة,ALIYAH,508307606,aysha.alghafli@ese.gov.ae,N/A,0,55.53157518,24.19484724,24.19484724000006,55.53157518000006,Point
112,2024,2068AD,Public,عام,Zayed Al Khair Boys School,مدرسة زايد الخير بنين,Boys,بنين,U.A.E,منهاج وزارة التربية والتعليم,"G09,G10,G11,G12","التاسع,العاشر,الحادي عشر,الثاني عشر",Cycle 3,الحلقة الثالثة,Abu Dhabi,أبوظبي,AL SHAHAMAH,الشهامة,AL SHAHAMAH I,506265242,Hassan.Abidli@ese.gov.ae,N/A,0,54.6750342,24.52170636,24.521706360000053,54.67503420000003,Point
113,2024,228AD,Public,عام,Khalifah Bin Zayed Boys School - Al Ain,مدرسة خليفة بن زايد بنين - العين,Boys,بنين,U.A.E,منهاج وزارة التربية والتعليم,"G09,G10,G11,G12","التاسع,العاشر,الحادي عشر,الثاني عشر",Cycle 3,الحلقة الثالثة,Al Ain,العين,AL JIMI,الجيمي,AL MRAIJEB,506198761,Abdulaziz.Shahdad@ese.gov.ae,N/A,0,55.73178656,24.2651598,24.26515980000005,55.731786560000046,Point
114,2024,361AD,Public,عام,Atfal Al Hilal Kindergarten,روضة أطفال الهلال,Mixed,مختلط,U.A.E,منهاج وزارة التربية والتعليم,"KG1,KG2,G01,G02","روضة أولى,روضة ثانية,الأول,الثاني",KG & Cycle 1,"حضانة,رياض الأطفال,الحلقة الأولى",Al Ain,العين,NAHIL,ناهل,MADINAT NAHIL,504474428,Aysha-Ms.Almuhairi@ese.gov.ae,N/A,0,55.49477367,24.51235033,24.51235033000006,55.49477367000003,Point
115,2024,2005AD,Public,عام,Al Dhafra School  Boys,مدرسة الظفرة بنين ,Boys,بنين,U.A.E,منهاج وزارة التربية والتعليم,"G05,G06,G07,G08","الخامس,السادس,السابع,الثامن",Cycle 2,الحلقة الثانية,Al Dhafra Region,منطقة الظفرة,MADINAT ZAYED,مدينة زايد,MZE7,508124812,Raya.Almazroei@ese.gov.ae,N/A,0,53.7034672,23.66505585,23.665055850000044,53.703467200000034,Point
116,2024,2062AD,Public,عام,Al Aamerah Kindergarten,روضة العامرة,Mixed,مختلط,U.A.E,منهاج وزارة التربية والتعليم,"KG1,KG2","روضة أولى,روضة ثانية",KG,"حضانة,رياض الأطفال",Al Ain,العين,AL AAMERAH,العامرة,AL WAHA AL AAMERAH,507533922,Shaikha-Sh.Aldhaheri@ese.gov.ae,N/A,0,55.54477583,24.22713644,24.227136440000038,55.54477583000005,Point
117,2024,2019AD,Public,عام,Bani Yas City School Girls,مدرسة مدينة بني ياس بنات,Girls,بنات,U.A.E,منهاج وزارة التربية والتعليم,"G09,G10,G11,G12","التاسع,العاشر,الحادي عشر,الثاني عشر",Cycle 3,الحلقة الثالثة,Abu Dhabi,أبوظبي,BANI YAS,بني ياس,EB9,506166114,Rehab.Alhashimi@ese.gov.ae,N/A,0,54.64762848,24.28451764,24.284517640000047,54.64762848000004,Point
118,2024,2079AD,Public,عام,Al Aasimah School Boys,مدرسة العاصمة بنين ,Boys,بنين,U.A.E,منهاج وزارة التربية والتعليم,"G05,G06,G07,G08","الخامس,السادس,السابع,الثامن",Cycle 2,الحلقة الثانية,Abu Dhabi,أبوظبي,AL SHAMKHAH,الشامخة,SH5,506157349,Taleb.Alattas@ese.gov.ae,N/A,0,54.73708019,24.3925745,24.392574500000023,54.73708019000003,Point
119,2024,468AD,Public,عام,Al Taqaddom School,مدرسة التقدم,Mixed,مختلط,U.A.E,منهاج وزارة التربية والتعليم,"G01,G02,G03,G04,G05","الأول,الثاني,الثالث,الرابع,الخامس",Cycle 1 & Cycle 2,"الحلقة الأولى,الحلقة الثانية",Abu Dhabi,أبوظبي,AL SHAMKHAH,الشامخة,SH5,506668802,Ahmed.Alsubhi@ese.gov.ae,N/A,0,54.73708019,24.3925745,24.392574500000023,54.73708019000003,Point
120,2024,408AD,Public,عام,Hamza Bin Abdul Muttalib School Boys,مدرسة حمزة بن عبدالمطلب بنين ,Boys,بنين,U.A.E,منهاج وزارة التربية والتعليم,"G09,G10,G11,G12","التاسع,العاشر,الحادي عشر,الثاني عشر",Cycle 3,الحلقة الثالثة,Abu Dhabi,أبوظبي,BANI YAS,بني ياس,EB8,558008052,Reda.Atas@ese.gov.ae,N/A,0,54.64076666,24.29392983,24.293929830000025,54.640766660000054,Point
121,2024,1999AD,Public,عام,Al Saada - Abu Dhabi School,مدرسة السعادة - أبوظبي,Mixed,مختلط,U.A.E,منهاج وزارة التربية والتعليم,"KG1,KG2,G01,G02,G03,G04","روضة أولى,روضة ثانية,الأول,الثاني,الثالث,الرابع",KG & Cycle 1,"حضانة,رياض الأطفال,الحلقة الأولى",Al Ain,العين,AL QOU',القوع,RIQAITOH,507133090,Hadna.Aldarei@ese.gov.ae,N/A,0,55.41271726,23.41998223,23.419982230000073,55.41271726000008,Point
122,2024,282AD,Public,عام,Qatr Al Nada School Girls, مدرسة قطر الندى بنات ,Girls,بنات,U.A.E,منهاج وزارة التربية والتعليم,"G09,G10,G11,G12","التاسع,العاشر,الحادي عشر,الثاني عشر",Cycle 3,الحلقة الثالثة,Al Dhafra Region,منطقة الظفرة,MADINAT ZAYED,مدينة زايد,MZE1_01,506615451,Salama-Ko.Almazrouei@ese.gov.ae,N/A,0,53.71033599,23.64837425,23.648374250000074,53.71033599000003,Point
123,2024,505AD,Public,عام,Al Shatha Kindergarten,روضة الشذى,Mixed,مختلط,U.A.E,منهاج وزارة التربية والتعليم,"KG1,KG2","روضة أولى,روضة ثانية",KG,"حضانة,رياض الأطفال",Al Dhafra Region,منطقة الظفرة,MADINAT ZAYED,مدينة زايد,MZW13,508322261,Shama.Almarar@ese.gov.ae,N/A,0,53.70368231,23.63531053,23.635310530000027,53.70368231000003,Point
124,2024,2084AD,Public,عام,Al Marfaa School,مدرسة المرفأ ,Mixed,مختلط,U.A.E,منهاج وزارة التربية والتعليم,"KG1,KG2,G01,G02,G03,G04","روضة أولى,روضة ثانية,الأول,الثاني,الثالث,الرابع",KG & Cycle 1,"حضانة,رياض الأطفال,الحلقة الأولى",Al Dhafra Region,منطقة الظفرة,AL MARFA,المرفأ,MR6,504111341,Noura-Am.Alhammadi@ese.gov.ae,N/A,0,53.47770162,24.07783477,24.077834770000038,53.47770162000006,Point
125,2024,2025AD,Public,عام,Al Hosn Scientific School  ,مدرسة الحصن العلمية بنين,Boys,بنين,U.A.E,منهاج وزارة التربية والتعليم,"G05,G06,G07,G08,G09,G10,G11,G12","الخامس,السادس,السابع,الثامن,التاسع,العاشر,الحادي عشر,الثاني عشر",Cycle 2 & Cycle 3,"الحلقة الثانية,الحلقة الثالثة",Al Dhafra Region,منطقة الظفرة,DELMA,دلما,SHABIAT DELMA,502255537,Mohamed-Ah.Alhammadi@ese.gov.ae,N/A,0,52.31466883,24.46360208,24.463602080000044,52.31466883000007,Point
126,2024,420AD,Public,عام,Al Badiyah Girls School,مدرسة البادية بنات,Girls,بنات,U.A.E,منهاج وزارة التربية والتعليم,"G07,G08,G09,G10,G11,G12","السابع,الثامن,التاسع,العاشر,الحادي عشر,الثاني عشر",Cycle 2 & Cycle 3,"الحلقة الثانية,الحلقة الثالثة",Al Ain,العين,AL WIQAN,الوقن,AL SAYH,507533310,Latifa.Alameri@ese.gov.ae,N/A,0,55.55327508,23.63117405,23.631174050000027,55.55327508000005,Point
127,2024,1565AD,Public,عام,Bayah School Girls,مدرسة بعيا بنات ,Girls,بنات,U.A.E,منهاج وزارة التربية والتعليم,"G05,G06,G07,G08,G09,G10,G11,G12","الخامس,السادس,السابع,الثامن,التاسع,العاشر,الحادي عشر,الثاني عشر",Cycle 2 & Cycle 3,"الحلقة الثانية,الحلقة الثالثة",Al Dhafra Region,منطقة الظفرة,AL SILA',السلع,BAYAH WEST 1,568133881,Yelwa.Almansoori@ese.gov.ae,N/A,0,51.7627512,24.07866099,24.07866099000006,51.76275120000008,Point
128,2024,285AD,Public,عام,Al Seddique School Boys ,مدرسة الصديق بنين ,Boys,بنين,U.A.E,منهاج وزارة التربية والتعليم,"G05,G06,G07,G08,G09,G10,G11,G12","الخامس,السادس,السابع,الثامن,التاسع,العاشر,الحادي عشر,الثاني عشر",Cycle 2 & Cycle 3,"الحلقة الثانية,الحلقة الثالثة",Al Dhafra Region,منطقة الظفرة,EASTERN MAHADIR,المحاضر الشرقية,MAHDAR AL HUITEEN,506718533,Mohammad.Jawarneh@ese.gov.ae,N/A,0,53.92228188,23.12152429,23.121524290000025,53.92228188000007,Point
129,2024,2078AD,Public,عام,Al Khatem Boys School,مدرسة الختم بنين,Boys,بنين,U.A.E,منهاج وزارة التربية والتعليم,"G05,G06,G07,G08,G09,G10,G11,G12","الخامس,السادس,السابع,الثامن,التاسع,العاشر,الحادي عشر,الثاني عشر",Cycle 2 & Cycle 3,"الحلقة الثانية,الحلقة الثالثة",Abu Dhabi,أبوظبي,AL KHATM,الختم,AL SHUBAISI EAST,506134330,musallam.alkatheeri@ese.gov.ae,N/A,0,55.00492134,24.18175111,24.18175111000005,55.00492134000007,Point
130,2024,506AD,Public,عام,Al Wathbah School Girls,مدرسة الوثبة بنات ,Girls,بنات,U.A.E,منهاج وزارة التربية والتعليم,"G05,G06","الخامس,السادس",Cycle 2,الحلقة الثانية,Abu Dhabi,أبوظبي,AL WATHBAH,الوثبة,AL NAHDAH AL JADEEDAH,504458169,Badreya-Mm.Aljunaibi@ese.gov.ae,N/A,0,54.70956194,24.24414022,24.244140220000077,54.70956194000007,Point
131,2024,269AD,Public,عام,Al Tamayyoz Boys School,مدرسة التميز بنين,Boys,بنين,U.A.E,منهاج وزارة التربية والتعليم,"G05,G06,G07,G08","الخامس,السادس,السابع,الثامن",Cycle 2,الحلقة الثانية,Al Ain,العين,FALAJ HAZZA',فلج هزاع,AL MNAIZLAH,509410001,Aisha.Qaydi@ese.gov.ae,N/A,0,55.73552007,24.19468128,24.194681280000054,55.735520070000064,Point
132,2024,438AD,Public,عام,Al Farooq School Boys ,مدرسة الفاروق بنين  ,Boys,بنين,U.A.E,منهاج وزارة التربية والتعليم,"G05,G06,G07,G08,G09,G10,G11,G12","الخامس,السادس,السابع,الثامن,التاسع,العاشر,الحادي عشر,الثاني عشر",Cycle 2 & Cycle 3,"الحلقة الثانية,الحلقة الثالثة",Al Dhafra Region,منطقة الظفرة,WESTERN MAHADIR,المحاضر الغربية,MAHDAR HAMROOR,506660172,Basima.H@ese.gov.ae,N/A,0,53.60185391,23.11494774,23.114947740000048,53.601853910000045,Point
133,2024,296AD,Public,عام,Salamah Bint Buti School Girls,مدرسة سلامة بنت بطي بنات ,Girls,بنات,U.A.E,منهاج وزارة التربية والتعليم,"G09,G10,G11,G12","التاسع,العاشر,الحادي عشر,الثاني عشر",Cycle 3,الحلقة الثالثة,Abu Dhabi,أبوظبي,BANI YAS,بني ياس,EB8,508330382,Muna.Falouqa@ese.gov.ae,N/A,0,54.6343299,24.29889725,24.29889725000004,54.63432990000007,Point
134,2024,1386AD,Public,عام,Al Ezzah School,مدرسة العزة ,Mixed,مختلط,U.A.E,منهاج وزارة التربية والتعليم,"G01,G02,G03,G04","الأول,الثاني,الثالث,الرابع",Cycle 1,الحلقة الأولى,Abu Dhabi,أبوظبي,BANI YAS,بني ياس,EB2_02,501461666,Khadeija.Zeyoudi@ese.gov.ae,N/A,0,54.61896929,24.31977867,24.319778670000062,54.61896929000005,Point
135,2024,2070AD,Public,عام,Al Dhannah School,مدرسة الظنة ,Mixed,مختلط,U.A.E,منهاج وزارة التربية والتعليم,"KG1,KG2,G01,G02,G03,G04","روضة أولى,روضة ثانية,الأول,الثاني,الثالث,الرابع",KG & Cycle 1,"حضانة,رياض الأطفال,الحلقة الأولى",Al Dhafra Region,منطقة الظفرة,AL DHANNAH CITY,مدينة الظنة,AL DHANNAH CITY,504420242,Masbouba.Mansouri@ese.gov.ae,N/A,0,52.65517771,24.07440816,24.074408160000075,52.65517771000003,Point
136,2024,2098AD,Public,عام,Hazza Bin Zayed Al Awal School,مدرسة هزاع بن زايد الأول,Mixed,مختلط,U.A.E,منهاج وزارة التربية والتعليم,"KG1,KG2,G01,G02,G03,G04,G05","روضة أولى,روضة ثانية,الأول,الثاني,الثالث,الرابع,الخامس",KG & Cycle 1 & Cycle 2,"حضانة,رياض الأطفال,الحلقة الأولى,الحلقة الثانية",Abu Dhabi,أبوظبي,AL KHALIDIYAH,الخالدية,W17_01,508110433,Eiman-Gs.Alkatheeri@ese.gov.ae,N/A,0,54.35848583,24.46055802,24.460558020000065,54.35848583000006,Point
137,2024,2093AD,Public,عام,Madinat Al Riyad Schools Girls ,مدرسة مدينة الرياض بنات ,Girls,بنات,U.A.E,منهاج وزارة التربية والتعليم,"G05,G06,G07,G08,G09,G10,G11,G12","الخامس,السادس,السابع,الثامن,التاسع,العاشر,الحادي عشر,الثاني عشر",Cycle 2 & Cycle 3,"الحلقة الثانية,الحلقة الثالثة",Abu Dhabi,أبوظبي,MADINAT AL RIYAD,مدينة الرياض,RD30,506620109,Arwa.Naser@ese.gov.ae,N/A,0,54.7653523,24.32686713,24.32686713000004,54.765352300000075,Point
138,2024,264AD,Public,عام,Tifel Al Emarat Kindergarten,روضة طفل الإمارات,Mixed,مختلط,U.A.E,منهاج وزارة التربية والتعليم,"KG1,KG2","روضة أولى,روضة ثانية",KG,"حضانة,رياض الأطفال",Al Ain,العين,AL DHAHIR,الظاهر,DHAHER 1,508171880,Shaikha.Alkalbany@ese.gov.ae,N/A,0,55.84304779,24.07573918,24.075739180000028,55.84304779000007,Point
139,2024,493AD,Public,عام,Al Taawun School Boys,مدرسة التعاون بنين ,Boys,بنين,U.A.E,منهاج وزارة التربية والتعليم,"G05,G06,G07,G08","الخامس,السادس,السابع,الثامن",Cycle 2,الحلقة الثانية,Abu Dhabi,أبوظبي,AL SHAMKHAH,الشامخة,SH13,505225020,abdelrahman.menhali@ese.gov.ae,N/A,0,54.71451,24.37588849,24.375888490000023,54.714510000000075,Point
140,2024,2054AD,Public,عام,Nahyan Al Awal Kindergarten,روضة نهيان الأول,Mixed,مختلط,U.A.E,منهاج وزارة التربية والتعليم,"KG1,KG2","روضة أولى,روضة ثانية",KG,"حضانة,رياض الأطفال",Al Ain,العين,ZAKHIR,زاخر,AL SWUAIFI,37812399,Shaikha.Aldarei@ese.gov.ae,N/A,0,55.69331908,24.14673863,24.146738630000073,55.69331908000004,Point
141,2024,2080AD,Public,عام,Al Nahdha School Boys,مدرسة النهضة بنين ,Boys,بنين,U.A.E,منهاج وزارة التربية والتعليم,"G05,G06,G07,G08","الخامس,السادس,السابع,الثامن",Cycle 2,الحلقة الثانية,Abu Dhabi,أبوظبي,BANI YAS,بني ياس,EB12,506161719,Abdullah.Attas@ese.gov.ae,N/A,0,54.65288008,24.28473258,24.284732580000025,54.652880080000045,Point
142,2024,272AD,Public,عام,Shakhbout Bin Sultan Boys School,مدرسة شخبوط بن سلطان بنين,Boys,بنين,U.A.E,منهاج وزارة التربية والتعليم,"G09,G10,G11,G12","التاسع,العاشر,الحادي عشر,الثاني عشر",Cycle 3,الحلقة الثالثة,Al Ain,العين,AL AAMERAH,العامرة,AL WAHA AL AAMERAH,505069545,Zeyad.Aldabashi@ese.gov.ae,N/A,0,55.5528497,24.22909941,24.22909941000006,55.55284970000008,Point
143,2024,2085AD,Public,عام,Al Marfa School Girls,مدرسة المرفأ بنات ,Girls,بنات,U.A.E,منهاج وزارة التربية والتعليم,"G05,G06,G07,G08,G09,G10,G11,G12","الخامس,السادس,السابع,الثامن,التاسع,العاشر,الحادي عشر,الثاني عشر",Cycle 2 & Cycle 3,"الحلقة الثانية,الحلقة الثالثة",Al Dhafra Region,منطقة الظفرة,AL MARFA,المرفأ,MR16,543444669,Shaikha.Almarzoogi@ese.gov.ae,N/A,0,53.47121706,24.09049527,24.090495270000076,53.47121706000007,Point
144,2024,1087AD,Public,عام,Al Jahili Girls School,مدرسة الجاهلي بنات,Girls,بنات,U.A.E,منهاج وزارة التربية والتعليم,"G05,G06,G07,G08,G09,G10,G11,G12","الخامس,السادس,السابع,الثامن,التاسع,العاشر,الحادي عشر,الثاني عشر",Cycle 2 & Cycle 3,"الحلقة الثانية,الحلقة الثالثة",Al Ain,العين,AL JAHILI,الجاهلي,AL MARAYEGH,503336691,Fatima.Alnaseri@ese.gov.ae,N/A,0,55.74821721,24.20892855,24.208928550000053,55.748217210000064,Point
145,2024,1392AD,Public,عام,Al Shaheen School,مدرسة الشاهين,Mixed,مختلط,U.A.E,منهاج وزارة التربية والتعليم,"G01,G02,G03,G04,G05","الأول,الثاني,الثالث,الرابع,الخامس",Cycle 1 & Cycle 2,"الحلقة الأولى,الحلقة الثانية",Al Ain,العين,AL FOU'AH,الفوعة,AL SAJAA,507135137,Safeya.Alghaithi@ese.gov.ae,N/A,0,55.79118622,24.34569521,24.34569521000003,55.79118622000004,Point
146,2024,1563AD,Public,عام,Khanoor School,مدرسة خنور ,Mixed,مختلط,U.A.E,منهاج وزارة التربية والتعليم,"KG1,KG2,G01,G02,G03,G04,G05,G06,G07,G08,G09,G10,G11,G12","روضة أولى,روضة ثانية,الأول,الثاني,الثالث,الرابع,الخامس,السادس,السابع,الثامن,التاسع,العاشر,الحادي عشر,الثاني عشر",KG & Cycle 1 & Cycle 2 & Cycle 3,"حضانة,رياض الأطفال,الحلقة الأولى,الحلقة الثانية,الحلقة الثالثة",Al Dhafra Region,منطقة الظفرة,WESTERN MAHADIR,المحاضر الغربية,MAHDAR HAMROOR,505161295,Mariam.Alzayat@ese.gov.ae,N/A,0,53.60717389,23.09523682,23.095236820000025,53.60717389000007,Point
147,2024,641AD,Public,عام,Al Reem Girls School,مدرسة الريم بنات,Girls,بنات,U.A.E,منهاج وزارة التربية والتعليم,"G05,G06,G07,G08","الخامس,السادس,السابع,الثامن",Cycle 2,الحلقة الثانية,Abu Dhabi,أبوظبي,AL SA`ADAH,السعادة,E41,506121237,Safia.Alabdouli@ese.gov.ae,N/A,0,54.43206937,24.43548981,24.435489810000036,54.43206937000008,Point
148,2024,2020AD,Public,عام,Zayed Al Awal Boys School,مدرسة زايد الأول بنين,Boys,بنين,U.A.E,منهاج وزارة التربية والتعليم,"G05,G06,G07,G08","الخامس,السادس,السابع,الثامن",Cycle 2,الحلقة الثانية,Al Ain,العين,AL MAQAM,المقام,TWAM,506934662,Mohamed.Saeed@ese.gov.ae,N/A,0,55.63645542,24.19319131,24.19319131000003,55.63645542000006,Point
149,2024,1643AD,Public,عام,Al Falah School  Boys,مدرسة الفلاح بنين ,Boys,بنين,U.A.E,منهاج وزارة التربية والتعليم,"G09,G10,G11,G12","التاسع,العاشر,الحادي عشر,الثاني عشر",Cycle 3,الحلقة الثالثة,Al Dhafra Region,منطقة الظفرة,MADINAT ZAYED,مدينة زايد,MZE7,505729045,Mohammed.Mohammed@ese.gov.ae,N/A,0,53.70160666,23.66436076,23.664360760000022,53.70160666000004,Point
150,2024,464AD,Public,عام,Atifal Al Emarat Kindergarten  ,روضة أطفال الإمارات,Mixed,مختلط,U.A.E,منهاج وزارة التربية والتعليم,"KG1,KG2","روضة أولى,روضة ثانية",KG,"حضانة,رياض الأطفال",Abu Dhabi,أبوظبي,BANI YAS,بني ياس,EB11_03,506229360,Khulood.Aljafri@ese.gov.ae,N/A,0,54.65518641,24.30433174,24.304331740000066,54.655186410000056,Point
151,2024,321AD,Public,عام,Sultan Bin Zayed Boys School,مدرسة سلطان بن زايد بنين,Boys,بنين,U.A.E,منهاج وزارة التربية والتعليم,"G05,G06,G07,G08","الخامس,السادس,السابع,الثامن",Cycle 2,الحلقة الثانية,Al Ain,العين,AL MU'TARID,المعترض,TEEBI,506434200,Rashed.Albaloushi@ese.gov.ae,N/A,0,55.73594984,24.21987626,24.219876260000035,55.735949840000046,Point
152,2024,368AD,Public,عام,Al Shahama Girls School,مدرسة الشهامة بنات,Girls,بنات,U.A.E,منهاج وزارة التربية والتعليم,"G07,G08,G09,G10,G11,G12","السابع,الثامن,التاسع,العاشر,الحادي عشر,الثاني عشر",Cycle 2 & Cycle 3,"الحلقة الثانية,الحلقة الثالثة",Abu Dhabi,أبوظبي,AL BAHYAH,الباهية,AL SHAHAMAH OLD,505194301,Olayinka.Olayiwola@ese.gov.ae,N/A,0,54.67740514,24.54007842,24.540078420000043,54.677405140000076,Point
153,2024,376AD,Public,عام,Sweihan Boys School,مدرسة سويحان بنين,Boys,بنين,U.A.E,منهاج وزارة التربية والتعليم,"G05,G06,G07,G08,G09,G10,G11,G12","الخامس,السادس,السابع,الثامن,التاسع,العاشر,الحادي عشر,الثاني عشر",Cycle 2 & Cycle 3,"الحلقة الثانية,الحلقة الثالثة",Al Ain,العين,SWEIHAN,سويحان,SHABIAT SUWEIHAN,504441848,Yousef.Alshehhi@ese.gov.ae,N/A,0,55.32945339,24.46537373,24.465373730000067,55.329453390000026,Point
154,2024,417AD,Public,عام,Al Ruwaad School Boys,مدرسة الرواد بنين ,Boys,بنين,U.A.E,منهاج وزارة التربية والتعليم,"G07,G08,G09,G10,G11,G12","السابع,الثامن,التاسع,العاشر,الحادي عشر,الثاني عشر",Cycle 2 & Cycle 3,"الحلقة الثانية,الحلقة الثالثة",Abu Dhabi,أبوظبي,AL WATHBAH,الوثبة,AL NAHDAH AL JADEEDAH,556165232,Obaid.Marzooq@ese.gov.ae,N/A,0,54.72458682,24.24042384,24.240423840000062,54.72458682000007,Point
155,2024,327AD,Public,عام,Al Raqiah School,مدرسة الراقية,Mixed,مختلط,U.A.E,منهاج وزارة التربية والتعليم,"G01,G02,G03,G04","الأول,الثاني,الثالث,الرابع",Cycle 1,الحلقة الأولى,Al Ain,العين,AL TIWAYYA,الطوية,WADI BIN SHAMI,505337786,Latifa.Alnuimi@ese.gov.ae,N/A,0,55.71304335,24.2701051,24.270105100000023,55.71304335000008,Point
156,2024,2066AD,Public,عام,Zayed City School - Al Dhfra, مدرسة مدينة زايد -الظفرة,Mixed,مختلط,U.A.E,منهاج وزارة التربية والتعليم,"G01,G02,G03,G04,G05,G06,G07,G08","الأول,الثاني,الثالث,الرابع,الخامس,السادس,السابع,الثامن",Cycle 1 & Cycle 2,"الحلقة الأولى,الحلقة الثانية",Al Dhafra Region,منطقة الظفرة,MADINAT ZAYED,مدينة زايد,MZE1_01,506668553,Hamda.Almansouri@ese.gov.ae,N/A,0,53.70870721,23.64776447,23.647764470000027,53.70870721000006,Point
157,2024,249AD,Public,عام,Hessa Bint Mohammad Girls School,مدرسة حصة بنت محمد بنات,Girls,بنات,U.A.E,منهاج وزارة التربية والتعليم,"G05,G06,G07,G08,G09","الخامس,السادس,السابع,الثامن,التاسع",Cycle 2 & Cycle 3,"الحلقة الثانية,الحلقة الثالثة",Al Ain,العين,ZAKHIR,زاخر,AL GRAYYEH,507232325,Heba.Tarsh@ese.gov.ae,N/A,0,55.70634721,24.13781977,24.13781977000008,55.70634721000005,Point
158,2024,2063AD,Public,عام,Neima Boys School,مدرسة نعمة بنين,Boys,بنين,U.A.E,منهاج وزارة التربية والتعليم,"G09,G10,G11,G12","التاسع,العاشر,الحادي عشر,الثاني عشر",Cycle 3,الحلقة الثالثة,Al Ain,العين,NI'MAH,نعمة,NEIMA 2,509318555,Mohad-Sa.Alshamisi@ese.gov.ae,N/A,0,55.70471701,24.10863463,24.10863463000004,55.70471701000008,Point
159,2024,923AD,Public,عام,Al Qoua Kindergarten,روضة القوع,Mixed,مختلط,U.A.E,منهاج وزارة التربية والتعليم,"KG1,KG2","روضة أولى,روضة ثانية",KG,"حضانة,رياض الأطفال",Al Ain,العين,AL QOU',القوع,UM AL OWSH,506638788,Thamna-Sh.Aldarei@ese.gov.ae,N/A,0,55.42424687,23.41129602,23.411296020000066,55.42424687000005,Point
160,2024,497AD,Public,عام,Halima Al Saadiah School,مدرسة حليمة السعدية,Mixed,مختلط,U.A.E,منهاج وزارة التربية والتعليم,"G01,G02,G03,G04","الأول,الثاني,الثالث,الرابع",Cycle 1,الحلقة الأولى,Abu Dhabi,أبوظبي,AL BAHYAH,الباهية,AL SHAHAMAH NEW,25847715,Alhammadi.Fatima@ese.gov.ae,N/A,0,54.68812067,24.55007798,24.550077980000026,54.688120670000046,Point
161,2024,405AD,Public,عام,Al Fateh School,مدرسة الفتح ,Mixed,مختلط,U.A.E,منهاج وزارة التربية والتعليم,"G01,G02,G03,G04,G05","الأول,الثاني,الثالث,الرابع,الخامس",Cycle 1 & Cycle 2,"الحلقة الأولى,الحلقة الثانية",Abu Dhabi,أبوظبي,AL SHAWAMEKH,الشوامخ,SHM5,506423762,Mohamed.Almarzooqi@ese.gov.ae,N/A,0,54.64942728,24.34983451,24.34983451000005,54.649427280000054,Point
162,2024,2072AD,Public,عام,Al Soqoor Boys School,مدرسة الصقور بنين,Boys,بنين,U.A.E,منهاج وزارة التربية والتعليم,"G05,G06,G07,G08","الخامس,السادس,السابع,الثامن",Cycle 2,الحلقة الثانية,Abu Dhabi,أبوظبي,AL BAHYAH,الباهية,AL BAHYAH OLD,255664714,Yassir.Ghalabi@ese.gov.ae,N/A,0,54.67284824,24.52677222,24.526772220000055,54.672848240000064,Point
163,2024,537AD,Public,عام,Al Dhabianiah School,مدرسة الظبيانية ,Mixed,مختلط,U.A.E,منهاج وزارة التربية والتعليم,"KG1,KG2,G01,G02,G03,G04","روضة أولى,روضة ثانية,الأول,الثاني,الثالث,الرابع",KG & Cycle 1,"حضانة,رياض الأطفال,الحلقة الأولى",Abu Dhabi,أبوظبي,AL MUSHRIF,المشرف,W52,504107808,Reem.Alquwaitaei@ese.gov.ae,N/A,0,54.39693068,24.43310156,24.43310156000007,54.39693068000008,Point
164,2024,1562AD,Public,عام,Al Huiteen School  ,مدرسة الحويتين  ,Mixed,مختلط,U.A.E,منهاج وزارة التربية والتعليم,"KG1,KG2,G01,G02,G03,G04,G05,G06,G07,G08,G09,G10,G11,G12","روضة أولى,روضة ثانية,الأول,الثاني,الثالث,الرابع,الخامس,السادس,السابع,الثامن,التاسع,العاشر,الحادي عشر,الثاني عشر",KG & Cycle 1 & Cycle 2 & Cycle 3,"حضانة,رياض الأطفال,الحلقة الأولى,الحلقة الثانية,الحلقة الثالثة",Al Dhafra Region,منطقة الظفرة,EASTERN MAHADIR,المحاضر الشرقية,MAHDAR AL HUITEEN,505665742,Fawkia.Hilal@ese.gov.ae,N/A,0,53.92560785,23.11934409,23.119344090000027,53.92560785000006,Point
165,2024,552AD,Public,عام,Atfal Ad Kindergarten,روضة اطفال ابوظبي,Mixed,مختلط,U.A.E,منهاج وزارة التربية والتعليم,"KG1,KG2","روضة أولى,روضة ثانية",KG,"حضانة,رياض الأطفال",Abu Dhabi,أبوظبي,AL MANHAL,المنهل,W14_01,506621128,Mona.Alrefai@ese.gov.ae,N/A,0,54.36700323,24.46386919,24.463869190000025,54.36700323000008,Point
166,2024,2095AD,Public,عام,Al Dhaher School,مدرسة الظاهر ,Mixed,مختلط,U.A.E,منهاج وزارة التربية والتعليم,"KG1,KG2,G01,G02,G03,G04,G05,G06,G07,G08","روضة أولى,روضة ثانية,الأول,الثاني,الثالث,الرابع,الخامس,السادس,السابع,الثامن",KG & Cycle 1 & Cycle 2,"حضانة,رياض الأطفال,الحلقة الأولى,الحلقة الثانية",Al Ain,العين,AL DHAHIR,الظاهر,DHAHER 7,508221144,Amna.Mousa@ese.gov.ae,N/A,0,55.85714222,24.07776039,24.077760390000037,55.85714222000007,Point
167,2024,1089AD,Public,عام,Um Ghafa Boys School,مدرسة أم غافة بنين,Boys,بنين,U.A.E,منهاج وزارة التربية والتعليم,"G05,G06,G07,G08,G09,G10,G11,G12","الخامس,السادس,السابع,الثامن,التاسع,العاشر,الحادي عشر,الثاني عشر",Cycle 2 & Cycle 3,"الحلقة الثانية,الحلقة الثالثة",Al Ain,العين,UM GHAFAH,أم غافة,AL MURAIKHAT,506433545,Mubarak.Alsaedi@ese.gov.ae,N/A,0,55.89710469,24.0912888,24.09128880000003,55.89710469000005,Point
168,2024,268AD,Public,عام,Al Showaib Boys School,مدرسة الشويب بنين,Boys,بنين,U.A.E,منهاج وزارة التربية والتعليم,"G05,G06,G07,G08,G09,G10,G11,G12","الخامس,السادس,السابع,الثامن,التاسع,العاشر,الحادي عشر,الثاني عشر",Cycle 2 & Cycle 3,"الحلقة الثانية,الحلقة الثالثة",Al Ain,العين,AL SHIWAYB,الشويب,RAMLAT AL SHUWAIB,507997953,Younis.Alhosany@ese.gov.ae,N/A,0,55.78741365,24.74137193,24.74137193000007,55.787413650000076,Point
169,2024,1543AD,Public,عام,Al Thuraya Kindergarten,روضة الثريا,Mixed,مختلط,U.A.E,منهاج وزارة التربية والتعليم,"KG1,KG2","روضة أولى,روضة ثانية",KG,"حضانة,رياض الأطفال",Abu Dhabi,أبوظبي,AL BAHYAH,الباهية,AL BAHYAH NEW,507321488,Amna.Aladawi@ese.gov.ae,N/A,0,54.63169086,24.54240284,24.542402840000022,54.63169086000005,Point
170,2024,1263AD,Public,عام,Al Jimi Kindergarten,روضة الجيمي,Mixed,مختلط,U.A.E,منهاج وزارة التربية والتعليم,"KG1,KG2","روضة أولى,روضة ثانية",KG,"حضانة,رياض الأطفال",Al Ain,العين,AL JIMI,الجيمي,GIFFIN,504712317,Shamsa.Aldhaheri@ese.gov.ae,N/A,0,55.74079686,24.25871582,24.258715820000077,55.740796860000046,Point
171,2024,482AD,Public,عام,Al Erteqaa School Girls,مدرسة الارتقاء بنات ,Girls,بنات,U.A.E,منهاج وزارة التربية والتعليم,"G06,G07,G08,G09","السادس,السابع,الثامن,التاسع",Cycle 2 & Cycle 3,"الحلقة الثانية,الحلقة الثالثة",Abu Dhabi,أبوظبي,AL SHAMKHAH,الشامخة,SH4,506924478,Amal.Shehab@ese.gov.ae,N/A,0,54.73231739,24.40481671,24.404816710000034,54.73231739000005,Point
172,2024,1396AD,Public,عام,Fatimah Bint Mubarak School,مدرسة فاطمة بنت مبارك بنات,Girls,بنات,U.A.E,منهاج وزارة التربية والتعليم,"G05,G06,G07,G08","الخامس,السادس,السابع,الثامن",Cycle 2,الحلقة الثانية,Abu Dhabi,أبوظبي,AL DANAH,الدانة,E18_03,505636646,Koloud.Algahwashi@ese.gov.ae,N/A,0,54.38050312,24.48295879,24.482958790000055,54.38050312000007,Point
173,2024,1080AD,Public,عام,Al Wajan School,مدرسة الوقن,Mixed,مختلط,U.A.E,منهاج وزارة التربية والتعليم,"KG1,KG2,G01,G02,G03,G04,G05,G06","روضة أولى,روضة ثانية,الأول,الثاني,الثالث,الرابع,الخامس,السادس",KG & Cycle 1 & Cycle 2,"حضانة,رياض الأطفال,الحلقة الأولى,الحلقة الثانية",Al Ain,العين,AL WIQAN,الوقن,RAMLAT ADDIMAH,504496602,Kanna-Mm.Alameri@ese.gov.ae,N/A,0,55.53868349,23.63769526,23.637695260000044,55.53868349000004,Point
174,2024,1115AD,Public,عام,Al Diwan Kindergarten,روضة الديوان,Mixed,مختلط,U.A.E,منهاج وزارة التربية والتعليم,"KG1,KG2","روضة أولى,روضة ثانية",KG,"حضانة,رياض الأطفال",Al Ain,العين,AL MUWAIJ'I,المويجعي,GALAAT AL MUWAIJI,506616618,Sghaira.Alkhaili@ese.gov.ae,N/A,0,55.72286022,24.22503623,24.225036230000057,55.72286022000003,Point
175,2024,2094AD,Public,عام,Al Falah City School,مدرسة الفلاح,Mixed,مختلط,U.A.E,منهاج وزارة التربية والتعليم,"KG1,KG2,G01,G02,G03,G04,G05,G06,G07,G08","روضة أولى,روضة ثانية,الأول,الثاني,الثالث,الرابع,الخامس,السادس,السابع,الثامن",KG & Cycle 1 & Cycle 2,"حضانة,رياض الأطفال,الحلقة الأولى,الحلقة الثانية",N/A,N/A,N/A,N/A,N/A,558885439,Najwa.Almarzouqi@ese.gov.ae,N/A,0,-1.0,-1.0,-0.9999999999999432,-0.9999999999999432,Point
176,2024,454AD,Public,عام,Al Waleed Bin Abdul Malek School Boys,مدرسة الوليد بن عبدالملك بنين ,Boys,بنين,U.A.E,منهاج وزارة التربية والتعليم,"G05,G06","الخامس,السادس",Cycle 2,الحلقة الثانية,Abu Dhabi,أبوظبي,AL NAHDAH,النهضة,AL NAHDAH AL ASKARIAH,506117949,Hassan.Araifee@ese.gov.ae,N/A,0,54.70582148,24.2618705,24.261870500000043,54.705821480000054,Point
177,2024,1702AD,Public,عام,Sheikha Bint Suroor School,مدرسة شيخة بنت سرور,Mixed,مختلط,U.A.E,منهاج وزارة التربية والتعليم,"KG1,KG2,G01,G02,G03,G04,G05","روضة أولى,روضة ثانية,الأول,الثاني,الثالث,الرابع,الخامس",KG & Cycle 1 & Cycle 2,"حضانة,رياض الأطفال,الحلقة الأولى,الحلقة الثانية",Al Ain,العين,AL AAMERAH,العامرة,AL WAHA AL AAMERAH,507636356,Noura.Alshemmari@ese.gov.ae,N/A,0,55.55501905,24.23000758,24.230007580000063,55.555019050000055,Point
178,2024,1088AD,Public,عام,Mazyad School,مدرسة مزيد ,Mixed,مختلط,U.A.E,منهاج وزارة التربية والتعليم,"KG1,KG2,G01,G02,G03,G04","روضة أولى,روضة ثانية,الأول,الثاني,الثالث,الرابع",KG & Cycle 1,"حضانة,رياض الأطفال,الحلقة الأولى",Al Ain,العين,MAZYAD,مزيد,MAZYAD 2,566088222,Zainab.Alyahyaei@ese.gov.ae,N/A,0,55.84319462,24.05397096,24.053970960000072,55.84319462000008,Point
179,2024,550AD,Public,عام,Al Shamkha Kindergarten,روضة الشامخة,Mixed,مختلط,U.A.E,منهاج وزارة التربية والتعليم,"KG1,KG2","روضة أولى,روضة ثانية",KG,"حضانة,رياض الأطفال",Abu Dhabi,أبوظبي,AL SHAMKHAH,الشامخة,SH6,504160670,Wadha.Almansouri@ese.gov.ae,N/A,0,54.72358892,24.40637886,24.406378860000075,54.723588920000054,Point
180,2024,330AD,Public,عام,Al Hayar Boys School,مدرسة الهير بنين,Boys,بنين,U.A.E,منهاج وزارة التربية والتعليم,"G04,G05,G06,G07,G08,G09,G10,G11,G12","الرابع,الخامس,السادس,السابع,الثامن,التاسع,العاشر,الحادي عشر,الثاني عشر",Cycle 1 & Cycle 2 & Cycle 3,"الحلقة الأولى,الحلقة الثانية,الحلقة الثالثة",Al Ain,العين,AL HIYAR,الهير,RAMLAT AL HAYER,506336393,Aref.Alali@ese.gov.ae,N/A,0,55.76066053,24.60227999,24.602279990000056,55.76066053000005,Point
181,2024,2056AD,Public,عام,Al Baheya School,مدرسة الباهية ,Mixed,مختلط,U.A.E,منهاج وزارة التربية والتعليم,"KG1,KG2,G01,G02,G03,G04,G05,G06,G07,G08,G09,G10,G11,G12","روضة أولى,روضة ثانية,الأول,الثاني,الثالث,الرابع,الخامس,السادس,السابع,الثامن,التاسع,العاشر,الحادي عشر,الثاني عشر",KG & Cycle 1 & Cycle 2 & Cycle 3,"حضانة,رياض الأطفال,الحلقة الأولى,الحلقة الثانية,الحلقة الثالثة",Abu Dhabi,أبوظبي,AL BAHYAH,الباهية,AL BAHYAH OLD,503166757,Alsaad.Aljaberi@ese.gov.ae,N/A,0,54.67460796,24.53953389,24.53953389000003,54.67460796000006,Point
182,2024,2017AD,Public,عام,Dalma School ,مدرسة دلما ,Mixed,مختلط,U.A.E,منهاج وزارة التربية والتعليم,"KG1,KG2,G01,G02,G03,G04,G05,G06,G07,G08,G09,G10,G11,G12","روضة أولى,روضة ثانية,الأول,الثاني,الثالث,الرابع,الخامس,السادس,السابع,الثامن,التاسع,العاشر,الحادي عشر,الثاني عشر",KG & Cycle 1 & Cycle 2 & Cycle 3,"حضانة,رياض الأطفال,الحلقة الأولى,الحلقة الثانية,الحلقة الثالثة",Al Dhafra Region,منطقة الظفرة,DELMA,دلما,DELMA ISLAND,588888896,Fatima-Hk.Alhosani@ese.gov.ae,N/A,0,52.32663561,24.49502768,24.495027680000078,52.32663561000004,Point
183,2024,309AD,Public,عام,Al Jeel Kindergarten,روضة الجيل,Mixed,مختلط,U.A.E,منهاج وزارة التربية والتعليم,"KG1,KG2","روضة أولى,روضة ثانية",KG,"حضانة,رياض الأطفال",Abu Dhabi,أبوظبي,AL SHAMKHAH,الشامخة,SH16,504111314,Khadeeja.Khalfan@ese.gov.ae,N/A,0,54.69998195,24.39209205,24.39209205000003,54.69998195000005,Point
184,2024,509AD,Public,عام,Al Zallaqah School Girls,مدرسة الزلاقة بنات ,Girls,بنات,U.A.E,منهاج وزارة التربية والتعليم,"G05,G06,G07,G08","الخامس,السادس,السابع,الثامن",Cycle 2,الحلقة الثانية,Abu Dhabi,أبوظبي,BANI YAS,بني ياس,EB11_03,503304020,Salama.Alnuaimi@ese.gov.ae,N/A,0,54.65311458,24.30637979,24.30637979000005,54.65311458000008,Point
185,2024,2097AD,Public,عام,Ain Al Faydah School,مدرسة عين الفايضة  ,Mixed,مختلط,U.A.E,منهاج وزارة التربية والتعليم,"KG1,KG2,G01,G02,G03,G04","روضة أولى,روضة ثانية,الأول,الثاني,الثالث,الرابع",KG & Cycle 1,"حضانة,رياض الأطفال,الحلقة الأولى",Al Ain,العين,AIN AL FAYDAH,عين الفايضة,AIN AL FAYDA,507035554,Shamim.Bazakeer@ese.gov.ae,N/A,0,55.70329711,24.08968881,24.08968881000004,55.70329711000005,Point
186,2024,2059AD,Public,عام,Al Nahdha Kindergarten,روضة النهضة,Mixed,مختلط,U.A.E,منهاج وزارة التربية والتعليم,"KG1,KG2","روضة أولى,روضة ثانية",KG,"حضانة,رياض الأطفال",Abu Dhabi,أبوظبي,AL NAHDAH,النهضة,AL NAHDAH AL ASKARIAH,508500999,Fareeda.Ismail@ese.gov.ae,N/A,0,54.68733972,24.27160246,24.271602460000054,54.68733972000007,Point
187,2024,1113AD,Public,عام,Al Oula Kindergarten - Abu Dhabi,روضة العلا ,Mixed,مختلط,U.A.E,منهاج وزارة التربية والتعليم,"KG1,KG2","روضة أولى,روضة ثانية",KG,"حضانة,رياض الأطفال",Abu Dhabi,أبوظبي,AL SHAWAMEKH,الشوامخ,SHM11,501233302,rayya.alhanaei@ese.gov.ae,N/A,0,54.64285441,24.32923082,24.329230820000078,54.64285441000004,Point
188,2024,1153AD,Public,عام,Al Selaa School  ,مدرسة السلع ,Mixed,مختلط,U.A.E,منهاج وزارة التربية والتعليم,"KG1,KG2,G01,G02,G03,G04","روضة أولى,روضة ثانية,الأول,الثاني,الثالث,الرابع",KG & Cycle 1,"حضانة,رياض الأطفال,الحلقة الأولى",Al Dhafra Region,منطقة الظفرة,AL SILA',السلع,BAYAH WEST 2,505667868,BakheetaS.Almansoori@ese.gov.ae,N/A,0,51.75804289,24.07925572,24.07925572000005,51.75804289000007,Point
189,2024,484AD,Public,عام,Al Ghaith School,مدرسة الغيث,Mixed,مختلط,U.A.E,منهاج وزارة التربية والتعليم,"G01,G02,G03,G04","الأول,الثاني,الثالث,الرابع",Cycle 1,الحلقة الأولى,Al Ain,العين,AL MAQAM,المقام,SHABIYAT AL MAQAM,555311055,Arwa.Babahar@ese.gov.ae,N/A,0,55.6258997,24.18811063,24.18811063000004,55.62589970000005,Point
190,2024,248AD,Public,عام,Al Taweelah School,مدرسة الطويلة,Mixed,مختلط,U.A.E,منهاج وزارة التربية والتعليم,"G01,G02,G03,G04","الأول,الثاني,الثالث,الرابع",Cycle 1,الحلقة الأولى,Abu Dhabi,أبوظبي,AL SAMHAH,السمحة,SAMHAH_T,556129787,Mona.Almahri@ese.gov.ae,N/A,0,54.75536786,24.67062722,24.67062722000003,54.755367860000035,Point
191,2024,1662AD,Public,عام,Al Ebtekar School Boys,مدرسة الإبتكار بنين ,Boys,بنين,U.A.E,منهاج وزارة التربية والتعليم,"G09,G10,G11,G12","التاسع,العاشر,الحادي عشر,الثاني عشر",Cycle 3,الحلقة الثالثة,Al Dhafra Region,منطقة الظفرة,GHAYATHI,غياثي,GHAYATHI,504118261,Mohammed.Solman@ese.gov.ae,N/A,0,52.81196192,23.83020972,23.830209720000028,52.811961920000044,Point
192,2024,527AD,Public,عام,Tahnoon Bin Mohammad Boys School,مدرسة طحنون بن محمد بنين,Boys,بنين,U.A.E,منهاج وزارة التربية والتعليم,"G05,G06,G07,G08","الخامس,السادس,السابع,الثامن",Cycle 2,الحلقة الثانية,Al Ain,العين,ZAKHIR,زاخر,GAFAT AL NAYYAR,507124224,Mohammed.Alali@ese.gov.ae,N/A,0,55.69729809,24.13576846,24.135768460000065,55.69729809000006,Point
193,2024,1742AD,Public,عام,Al Qudra School Boys,مدرسة القدرة بنين ,Boys,بنين,U.A.E,منهاج وزارة التربية والتعليم,"G09,G10,G11,G12","التاسع,العاشر,الحادي عشر,الثاني عشر",Cycle 3,الحلقة الثالثة,Abu Dhabi,أبوظبي,AL FALAH,الفلاح,FA3,506141646,Khaled.Alsaeedi@ese.gov.ae,N/A,0,54.72932835,24.42631332,24.426313320000077,54.72932835000006,Point
194,2024,2083AD,Public,عام,Mleih Girls School,مدرسة مليح بنات,Girls,بنات,U.A.E,منهاج وزارة التربية والتعليم,"G09,G10,G11,G12","التاسع,العاشر,الحادي عشر,الثاني عشر",Cycle 3,الحلقة الثالثة,Abu Dhabi,أبوظبي,RABDAN,ربدان,RB4,556174005,Wadha.Alkalbani@ese.gov.ae,N/A,0,54.50298809,24.40632883,24.406328830000064,54.50298809000003,Point
195,2024,1394AD,Public,عام,Al Bedayah Kindergarten,روضة البداية,Mixed,مختلط,U.A.E,منهاج وزارة التربية والتعليم,"KG1,KG2","روضة أولى,روضة ثانية",KG,"حضانة,رياض الأطفال",Abu Dhabi,أبوظبي,AL SHAMKHAH,الشامخة,SH9,504436414,Ghaya.Almaskeri@ese.gov.ae,N/A,0,54.73188082,24.3860294,24.38602940000004,54.73188082000007,Point
196,2024,2082AD,Public,عام,Ahmed Khalifa Al Suwaidi Boys School,مدرسة أحمد خليفة السويدي بنين,Boys,بنين,U.A.E,منهاج وزارة التربية والتعليم,"G09,G10","التاسع,العاشر",Cycle 3,الحلقة الثالثة,Abu Dhabi,أبوظبي,AL BAHYAH,الباهية,AL SHAHAMAH OLD,502016622,Salah.Sawad@ese.gov.ae,N/A,0,54.6809656,24.54979522,24.549795220000078,54.680965600000036,Point
197,2024,348AD,Public,عام,Al Mozdalefa School ,مدرسة المزدلفة ,Mixed,مختلط,U.A.E,منهاج وزارة التربية والتعليم,"G01,G02,G03,G04","الأول,الثاني,الثالث,الرابع",Cycle 1,الحلقة الأولى,Abu Dhabi,أبوظبي,AL NAHDAH,النهضة,AL NAHDAH AL ASKARIAH,507316333,Shamma.Almansouri@ese.gov.ae,N/A,0,54.70118542,24.26465562,24.264655620000042,54.70118542000006,Point
198,2024,522AD,Public,عام,Al Bawadi School Boys,مدرسة البوادي بنين,Boys,بنين,U.A.E,منهاج وزارة التربية والتعليم,"G05,G06,G07,G08","الخامس,السادس,السابع,الثامن",Cycle 2,الحلقة الثانية,Abu Dhabi,أبوظبي,BANI YAS,بني ياس,EB2_03,504460256,Abdulla-Jm.Alhosani@ese.gov.ae,N/A,0,54.62959664,24.31435618,24.31435618000006,54.629596640000045,Point
199,2024,1382AD,Public,عام,Al Qemma School , مدرسة القمة ,Mixed,مختلط,U.A.E,منهاج وزارة التربية والتعليم,"G01,G02,G03,G04,G05","الأول,الثاني,الثالث,الرابع,الخامس",Cycle 1 & Cycle 2,"الحلقة الأولى,الحلقة الثانية",Abu Dhabi,أبوظبي,AL SHAMKHAH,الشامخة,SH25,502629988,Salma.Alharethi@ese.gov.ae,N/A,0,54.69252133,24.36404666,24.364046660000042,54.692521330000034,Point
200,2024,1705AD,Public,عام,Al Jood School,مدرسة الجود,Mixed,مختلط,U.A.E,منهاج وزارة التربية والتعليم,"KG1,KG2,G01,G02,G03,G04,G05,G06,G07,G08","روضة أولى,روضة ثانية,الأول,الثاني,الثالث,الرابع,الخامس,السادس,السابع,الثامن",KG & Cycle 1 & Cycle 2,"حضانة,رياض الأطفال,الحلقة الأولى,الحلقة الثانية",Al Ain,العين,AL SALAMAT,السلامات,AL SALAMAT 1,562124630,Darcy.Aubrey@ese.gov.ae,N/A,0,55.58398285,24.20962712,24.20962712000005,55.58398285000004,Point
201,2024,1398AD,Public,عام,Al Fouaah Girls School,مدرسة الفوعة بنات,Girls,بنات,U.A.E,منهاج وزارة التربية والتعليم,"G05,G06,G07,G08","الخامس,السادس,السابع,الثامن",Cycle 2,الحلقة الثانية,Al Ain,العين,AL FOU'AH,الفوعة,AL SAJAA,506638316,Maitha-Bm.Alshamisi@ese.gov.ae,N/A,0,55.79983779,24.34197869,24.341978690000076,55.799837790000026,Point
202,2024,339AD,Public,عام,Al Tafawwoq School,مدرسة التفوق  ,Mixed,مختلط,U.A.E,منهاج وزارة التربية والتعليم,"G01,G02,G03,G04,G05","الأول,الثاني,الثالث,الرابع,الخامس",Cycle 1 & Cycle 2,"الحلقة الأولى,الحلقة الثانية",Abu Dhabi,أبوظبي,AL SHAMKHAH,الشامخة,SH5,544799003,Mark.pollitt@ese.gov.ae,N/A,0,54.73342084,24.39762988,24.397629880000068,54.733420840000065,Point
203,2024,940AD,Public,عام,Al Tiwayya Kindergarten,روضة الطوية,Mixed,مختلط,U.A.E,منهاج وزارة التربية والتعليم,"KG1,KG2","روضة أولى,روضة ثانية",KG,"حضانة,رياض الأطفال",Al Ain,العين,AL TIWAYYA,الطوية,EIDAN AL RIDDA,507088856,Mouza-Am.Alhassani@ese.gov.ae,N/A,0,55.70543269,24.26145077,24.261450770000067,55.705432690000066,Point
204,2024,1704AD,Public,عام,Neima School,مدرسة نعمة,Mixed,مختلط,U.A.E,منهاج وزارة التربية والتعليم,"KG1,KG2,G01,G02,G03,G04,G05,G06,G07,G08,G09","روضة أولى,روضة ثانية,الأول,الثاني,الثالث,الرابع,الخامس,السادس,السابع,الثامن,التاسع",KG & Cycle 1 & Cycle 2 & Cycle 3,"حضانة,رياض الأطفال,الحلقة الأولى,الحلقة الثانية,الحلقة الثالثة",Al Ain,العين,NI'MAH,نعمة,NEIMA 1,507536260,Salma.Alkaabi@ese.gov.ae,N/A,0,55.70839053,24.11109903,24.111099030000048,55.70839053000003,Point
205,2024,581AD,Public,عام,Al Budoor Kindergarten,روضة البدور,Mixed,مختلط,U.A.E,منهاج وزارة التربية والتعليم,"KG1,KG2","روضة أولى,روضة ثانية",KG,"حضانة,رياض الأطفال",Abu Dhabi,أبوظبي,MOHAMED BIN ZAYED CITY,مدينة محمد بن زايد,Z19,505878767,Suad.Almukhaini@ese.gov.ae,N/A,0,54.54567579,24.33538854,24.335388540000054,54.545675790000075,Point
206,2024,288AD,Public,عام,Al Bateen School,مدرسة البطين,Mixed,مختلط,U.A.E,منهاج وزارة التربية والتعليم,"G01,G02,G03,G04","الأول,الثاني,الثالث,الرابع",Cycle 1,الحلقة الأولى,Abu Dhabi,أبوظبي,AL BATEEN,البطين,W16,506617636,Hamda-Mk.Almazroui@ese.gov.ae,N/A,0,54.34448122,24.46071518,24.460715180000022,54.344481220000034,Point
207,2024,1726AD,Public,عام,Al Maseera School,مدرسة المسيرة,Mixed,مختلط,U.A.E,منهاج وزارة التربية والتعليم,"KG1,KG2,G01,G02,G03,G04,G05,G06,G07,G08,G09,G10,G11,G12","روضة أولى,روضة ثانية,الأول,الثاني,الثالث,الرابع,الخامس,السادس,السابع,الثامن,التاسع,العاشر,الحادي عشر,الثاني عشر",KG & Cycle 1 & Cycle 2 & Cycle 3,"حضانة,رياض الأطفال,الحلقة الأولى,الحلقة الثانية,الحلقة الثالثة",Al Ain,العين,AL SHIWAYB,الشويب,RAMLAT AL SHUWAIB,504629362,Amnah.Allay@ese.gov.ae,N/A,0,55.776173,24.73029848,24.730298480000044,55.77617300000003,Point
208,2024,371AD,Public,عام,Al Fayhaa Kindergarten,روضة الفيحاء,Mixed,مختلط,U.A.E,منهاج وزارة التربية والتعليم,"KG1,KG2","روضة أولى,روضة ثانية",KG,"حضانة,رياض الأطفال",Abu Dhabi,أبوظبي,AL BATEEN,البطين,W11,559867664,Asma.Sumaida@ese.gov.ae,N/A,0,54.34583118,24.46523306,24.46523306000006,54.34583118000006,Point
209,2024,518AD,Public,عام,Al Hosn School  Boys,مدرسة الحصن بنين ,Boys,بنين,U.A.E,منهاج وزارة التربية والتعليم,"G09,G10,G11,G12","التاسع,العاشر,الحادي عشر,الثاني عشر",Cycle 3,الحلقة الثالثة,Abu Dhabi,أبوظبي,AL SHAMKHAH,الشامخة,SH5,506299741,Ali.AlDarmaki@ese.gov.ae,N/A,0,54.73412374,24.39449215,24.394492150000076,54.73412374000003,Point
210,2024,315AD,Public,عام,Bu Koreyya Boys School,مدرسة بوكرية بنين,Boys,بنين,U.A.E,منهاج وزارة التربية والتعليم,"G05,G06,G07,G08,G09,G10,G11,G12","الخامس,السادس,السابع,الثامن,التاسع,العاشر,الحادي عشر,الثاني عشر",Cycle 2 & Cycle 3,"الحلقة الثانية,الحلقة الثالثة",Al Ain,العين,BU KIRAYYAH,بوكرية,BU HISSN,505351000,Fareed.Alwahide@ese.gov.ae,N/A,0,55.40251437,23.88206778,23.882067780000057,55.40251437000006,Point
211,2024,366AD,Public,عام,Al Danat Girls School,مدرسة الدانات بنات,Girls,بنات,U.A.E,منهاج وزارة التربية والتعليم,"G05,G06,G07,G08,G09,G10,G11,G12","الخامس,السادس,السابع,الثامن,التاسع,العاشر,الحادي عشر,الثاني عشر",Cycle 2 & Cycle 3,"الحلقة الثانية,الحلقة الثالثة",Al Ain,العين,AL QOU',القوع,RIQAITOH,508188221,jamilah.daraai@ese.gov.ae,N/A,0,55.41984718,23.41790715,23.417907150000076,55.41984718000003,Point
212,2024,548AD,Public,عام,Aishah Bint Abi Baker School,مدرسة عائشة بنت ابي بكر بنات,Girls,بنات,U.A.E,منهاج وزارة التربية والتعليم,"G09,G10,G11,G12","التاسع,العاشر,الحادي عشر,الثاني عشر",Cycle 3,الحلقة الثالثة,Abu Dhabi,أبوظبي,HADBAT AL ZA`FARANAH,حدبة الزعفرانة,E31,526000169,Bushra.Alfardan@ese.gov.ae,N/A,0,54.40397406,24.44178876,24.441788760000065,54.40397406000005,Point
